Reporting_Date,Region,Field_Office_ID,Field_Office_Name,longitude,latitude,Slots,ACM,ITC,FRS,Total
1/31/2020,Europe,2,KAISERSLAUTERN,7.74913,49.44007,170,11,13,7,201
1/31/2020,Europe,4,VICENZA,11.53542,45.54548,73,5,5,3,86
1/31/2020,Europe,10,GARMISCH,11.0955,47.4917,23,2,2,1,28
1/31/2020,Europe,31,ANSBACH,10.57194,49.30043,36,2,4,2,44
1/31/2020,Europe,39,SOUDA BAY,24.15359,35.53763,24,2,2,1,29
1/31/2020,Europe,40,SIGONELLA,14.92222,37.40167,40,3,3,2,48
1/31/2020,Europe,42,NAPLES,14.26812,40.85178,47,2,4,2,55
1/31/2020,Europe,43,ROTA,-6.36298,36.62629,57,4,5,4,70
1/31/2020,Europe,45,STUTTGART,9.18176,48.77542,98,4,4,3,109
1/31/2020,Europe,46,VILSECK,11.80622,49.61001,119,8,9,5,141
1/31/2020,Europe,47,WIESBADEN,8.24334,50.06308,96,6,5,3,110
1/31/2020,Japan,17,SINGAPORE,103.85095,1.2801,15,1,2,1,19
1/31/2020,Japan,18,YOKOSUKA,139.6722,35.28134,114,6,12,6,138
1/31/2020,Japan,19,SASEBO,129.71511,33.17992,71,3,6,3,83
1/31/2020,Japan,22,ZAMA,139.40767,35.48859,135,7,9,7,158
1/31/2020,Japan,26,OKINAWA,127.68093,26.2124,357,18,23,13,411
1/31/2020,Japan,27,IWAKUNI,132.21885,34.16656,61,3,4,2,70
1/31/2020,Korea,20,SEOUL,126.97797,37.56654,124,6,7,3,140
1/31/2020,Korea,21,DAEGU,128.60145,35.87144,117,6,12,6,141
1/31/2020,Korea,23,UIJEONGBU,127.03368,37.7381,72,6,5,4,87
1/31/2020,Korea,24,PYONGTAEK,127.11294,36.99211,134,5,6,4,149
2/29/2020,Europe,2,KAISERSLAUTERN,7.74913,49.44007,170,11,13,7,201
2/29/2020,Europe,4,VICENZA,11.53542,45.54548,73,5,5,3,86
2/29/2020,Europe,10,GARMISCH,11.0955,47.4917,23,2,2,1,28
2/29/2020,Europe,31,ANSBACH,10.57194,49.30043,36,2,4,2,44
2/29/2020,Europe,39,SOUDA BAY,24.15359,35.53763,24,2,2,1,29
2/29/2020,Europe,40,SIGONELLA,14.92222,37.40167,40,3,3,2,48
2/29/2020,Europe,42,NAPLES,14.26812,40.85178,47,2,4,2,55
2/29/2020,Europe,43,ROTA,-6.36298,36.62629,57,4,5,4,70
2/29/2020,Europe,45,STUTTGART,9.18176,48.77542,98,4,4,3,109
2/29/2020,Europe,46,VILSECK,11.80622,49.61001,119,8,9,5,141
2/29/2020,Europe,47,WIESBADEN,8.24334,50.06308,96,6,5,3,110
2/29/2020,Japan,17,SINGAPORE,103.85095,1.2801,15,1,2,1,19
2/29/2020,Japan,18,YOKOSUKA,139.6722,35.28134,114,6,12,6,138
2/29/2020,Japan,19,SASEBO,129.71511,33.17992,71,3,6,3,83
2/29/2020,Japan,22,ZAMA,139.40767,35.48859,137,7,9,7,160
2/29/2020,Japan,26,OKINAWA,127.68093,26.2124,357,18,23,13,411
2/29/2020,Japan,27,IWAKUNI,132.21885,34.16656,61,3,4,2,70
2/29/2020,Korea,20,SEOUL,126.97797,37.56654,116,6,7,3,132
2/29/2020,Korea,21,DAEGU,128.60145,35.87144,122,6,12,6,146
2/29/2020,Korea,23,UIJEONGBU,127.03368,37.7381,72,6,5,4,87
2/29/2020,Korea,24,PYONGTAEK,127.11294,36.99211,135,5,6,4,150
3/31/2020,Europe,2,KAISERSLAUTERN,7.74913,49.44007,170,11,13,7,201
3/31/2020,Europe,4,VICENZA,11.53542,45.54548,73,5,5,3,86
3/31/2020,Europe,10,GARMISCH,11.0955,47.4917,23,2,2,1,28
3/31/2020,Europe,31,ANSBACH,10.57194,49.30043,36,2,4,2,44
3/31/2020,Europe,39,SOUDA BAY,24.15359,35.53763,24,2,2,1,29
3/31/2020,Europe,40,SIGONELLA,14.92222,37.40167,40,3,3,2,48
3/31/2020,Europe,42,NAPLES,14.26812,40.85178,47,2,4,2,55
3/31/2020,Europe,43,ROTA,-6.36298,36.62629,57,4,5,4,70
3/31/2020,Europe,45,STUTTGART,9.18176,48.77542,98,4,4,3,109
3/31/2020,Europe,46,VILSECK,11.80622,49.61001,119,8,9,5,141
3/31/2020,Europe,47,WIESBADEN,8.24334,50.06308,96,6,5,3,110
3/31/2020,Japan,17,SINGAPORE,103.85095,1.2801,15,1,2,1,19
3/31/2020,Japan,18,YOKOSUKA,139.6722,35.28134,114,6,12,6,138
3/31/2020,Japan,19,SASEBO,129.71511,33.17992,71,3,6,3,83
3/31/2020,Japan,22,ZAMA,139.40767,35.48859,137,7,9,7,160
3/31/2020,Japan,26,OKINAWA,127.68093,26.2124,358,18,24,13,413
3/31/2020,Japan,27,IWAKUNI,132.21885,34.16656,61,3,4,2,70
3/31/2020,Korea,20,SEOUL,126.97797,37.56654,103,4,5,2,114
3/31/2020,Korea,21,DAEGU,128.60145,35.87144,122,6,12,6,146
3/31/2020,Korea,23,UIJEONGBU,127.03368,37.7381,68,4,3,3,78
3/31/2020,Korea,24,PYONGTAEK,127.11294,36.99211,134,5,6,4,149
5/31/2020,Europe,2,KAISERSLAUTERN,7.74913,49.44007,170,11,13,7,201
5/31/2020,Europe,4,VICENZA,11.53542,45.54548,73,5,5,3,86
5/31/2020,Europe,10,GARMISCH,11.0955,47.4917,23,2,2,1,28
5/31/2020,Europe,31,ANSBACH,10.57194,49.30043,36,2,4,2,44
5/31/2020,Europe,39,SOUDA BAY,24.15359,35.53763,24,2,2,1,29
5/31/2020,Europe,40,SIGONELLA,14.92222,37.40167,40,3,3,2,48
5/31/2020,Europe,42,NAPLES,14.26812,40.85178,47,2,4,2,55
5/31/2020,Europe,43,ROTA,-6.36298,36.62629,57,4,5,4,70
5/31/2020,Europe,45,STUTTGART,9.18176,48.77542,98,4,4,3,109
5/31/2020,Europe,46,VILSECK,11.80622,49.61001,119,8,9,5,141
5/31/2020,Europe,47,WIESBADEN,8.24334,50.06308,96,6,5,3,110
5/31/2020,Japan,17,SINGAPORE,103.85095,1.2801,15,1,2,1,19
5/31/2020,Japan,18,YOKOSUKA,139.6722,35.28134,114,6,12,6,138
5/31/2020,Japan,19,SASEBO,129.71511,33.17992,71,3,6,3,83
5/31/2020,Japan,22,ZAMA,139.40767,35.48859,137,7,9,7,160
5/31/2020,Japan,26,OKINAWA,127.68093,26.2124,358,18,24,13,413
5/31/2020,Japan,27,IWAKUNI,132.21885,34.16656,61,3,4,2,70
5/31/2020,Korea,20,SEOUL,126.97797,37.56654,103,4,5,2,114
5/31/2020,Korea,21,DAEGU,128.60145,35.87144,123,6,12,6,147
5/31/2020,Korea,23,UIJEONGBU,127.03368,37.7381,68,4,3,3,78
5/31/2020,Korea,24,PYONGTAEK,127.11294,36.99211,141,6,7,4,158
6/30/2020,Europe,2,KAISERSLAUTERN,7.74913,49.44007,170,11,13,7,201
6/30/2020,Europe,4,VICENZA,11.53542,45.54548,73,5,5,3,86
6/30/2020,Europe,10,GARMISCH,11.0955,47.4917,23,2,2,1,28
6/30/2020,Europe,31,ANSBACH,10.57194,49.30043,36,2,4,2,44
6/30/2020,Europe,39,SOUDA BAY,24.15359,35.53763,24,2,2,1,29
6/30/2020,Europe,40,SIGONELLA,14.92222,37.40167,40,3,3,2,48
6/30/2020,Europe,42,NAPLES,14.26812,40.85178,47,2,4,2,55
6/30/2020,Europe,43,ROTA,-6.36298,36.62629,57,4,5,4,70
6/30/2020,Europe,45,STUTTGART,9.18176,48.77542,98,4,4,3,109
6/30/2020,Europe,46,VILSECK,11.80622,49.61001,119,8,9,5,141
6/30/2020,Europe,47,WIESBADEN,8.24334,50.06308,96,6,5,3,110
6/30/2020,Japan,17,SINGAPORE,103.85095,1.2801,15,1,2,1,19
6/30/2020,Japan,18,YOKOSUKA,139.6722,35.28134,114,6,12,6,138
6/30/2020,Japan,19,SASEBO,129.71511,33.17992,71,3,6,3,83
6/30/2020,Japan,22,ZAMA,139.40767,35.48859,135,7,9,7,158
6/30/2020,Japan,26,OKINAWA,127.68093,26.2124,358,18,24,13,413
6/30/2020,Japan,27,IWAKUNI,132.21885,34.16656,61,3,4,2,70
6/30/2020,Korea,20,SEOUL,126.97797,37.56654,103,4,5,2,114
6/30/2020,Korea,21,DAEGU,128.60145,35.87144,126,6,12,6,150
6/30/2020,Korea,23,UIJEONGBU,127.03368,37.7381,68,4,3,3,78
6/30/2020,Korea,24,PYONGTAEK,127.11294,36.99211,141,6,7,4,158
7/31/2020,Europe,2,KAISERSLAUTERN,7.74913,49.44007,170,11,13,7,201
7/31/2020,Europe,4,VICENZA,11.53542,45.54548,73,5,5,3,86
7/31/2020,Europe,10,GARMISCH,11.0955,47.4917,23,2,2,1,28
7/31/2020,Europe,31,ANSBACH,10.57194,49.30043,36,2,4,2,44
7/31/2020,Europe,39,SOUDA BAY,24.15359,35.53763,24,2,2,1,29
7/31/2020,Europe,40,SIGONELLA,14.92222,37.40167,40,3,3,2,48
7/31/2020,Europe,42,NAPLES,14.26812,40.85178,47,2,4,2,55
7/31/2020,Europe,43,ROTA,-6.36298,36.62629,57,4,5,4,70
7/31/2020,Europe,45,STUTTGART,9.18176,48.77542,98,4,4,3,109
7/31/2020,Europe,46,VILSECK,11.80622,49.61001,119,8,9,5,141
7/31/2020,Europe,47,WIESBADEN,8.24334,50.06308,96,6,5,3,110
7/31/2020,Japan,17,SINGAPORE,103.85095,1.2801,15,1,2,1,19
7/31/2020,Japan,18,YOKOSUKA,139.6722,35.28134,114,6,12,6,138
7/31/2020,Japan,19,SASEBO,129.71511,33.17992,71,3,6,3,83
7/31/2020,Japan,22,ZAMA,139.40767,35.48859,138,7,9,7,161
7/31/2020,Japan,26,OKINAWA,127.68093,26.2124,357,18,24,13,412
7/31/2020,Japan,27,IWAKUNI,132.21885,34.16656,59,3,4,2,68
7/31/2020,Korea,20,SEOUL,126.97797,37.56654,103,4,5,2,114
7/31/2020,Korea,21,DAEGU,128.60145,35.87144,126,6,12,6,150
7/31/2020,Korea,23,UIJEONGBU,127.03368,37.7381,68,4,3,3,78
7/31/2020,Korea,24,PYONGTAEK,127.11294,36.99211,141,6,7,4,158
8/31/2020,Europe,2,KAISERSLAUTERN,7.74913,49.44007,170,11,13,7,201
8/31/2020,Europe,4,VICENZA,11.53542,45.54548,73,5,5,3,86
8/31/2020,Europe,10,GARMISCH,11.0955,47.4917,23,2,2,1,28
8/31/2020,Europe,31,ANSBACH,10.57194,49.30043,36,2,4,2,44
8/31/2020,Europe,39,SOUDA BAY,24.15359,35.53763,24,2,2,1,29
8/31/2020,Europe,40,SIGONELLA,14.92222,37.40167,40,3,3,2,48
8/31/2020,Europe,42,NAPLES,14.26812,40.85178,47,2,4,2,55
8/31/2020,Europe,43,ROTA,-6.36298,36.62629,57,4,5,4,70
8/31/2020,Europe,45,STUTTGART,9.18176,48.77542,98,4,4,3,109
8/31/2020,Europe,46,VILSECK,11.80622,49.61001,119,8,9,5,141
8/31/2020,Europe,47,WIESBADEN,8.24334,50.06308,96,6,5,3,110
8/31/2020,Japan,17,SINGAPORE,103.85095,1.2801,15,1,2,1,19
8/31/2020,Japan,18,YOKOSUKA,139.6722,35.28134,114,6,12,6,138
8/31/2020,Japan,19,SASEBO,129.71511,33.17992,71,3,6,3,83
8/31/2020,Japan,22,ZAMA,139.40767,35.48859,136,7,9,7,159
8/31/2020,Japan,26,OKINAWA,127.68093,26.2124,268,18,24,13,323
8/31/2020,Japan,27,IWAKUNI,132.21885,34.16656,59,3,4,2,68
8/31/2020,Korea,20,SEOUL,126.97797,37.56654,103,4,5,2,114
8/31/2020,Korea,21,DAEGU,128.60145,35.87144,118,6,10,5,139
8/31/2020,Korea,23,UIJEONGBU,127.03368,37.7381,68,4,3,3,78
8/31/2020,Korea,24,PYONGTAEK,127.11294,36.99211,141,6,7,4,158
9/30/2020,Europe,2,KAISERSLAUTERN,7.74913,49.44007,170,11,13,7,201
9/30/2020,Europe,4,VICENZA,11.53542,45.54548,73,5,5,3,86
9/30/2020,Europe,10,GARMISCH,11.0955,47.4917,23,2,2,1,28
9/30/2020,Europe,31,ANSBACH,10.57194,49.30043,36,2,4,2,44
9/30/2020,Europe,39,SOUDA BAY,24.15359,35.53763,24,2,2,1,29
9/30/2020,Europe,40,SIGONELLA,14.92222,37.40167,40,3,3,2,48
9/30/2020,Europe,42,NAPLES,14.26812,40.85178,47,2,4,2,55
9/30/2020,Europe,43,ROTA,-6.36298,36.62629,57,4,5,4,70
9/30/2020,Europe,45,STUTTGART,9.18176,48.77542,91,4,4,3,102
9/30/2020,Europe,46,VILSECK,11.80622,49.61001,119,8,9,5,141
9/30/2020,Europe,47,WIESBADEN,8.24334,50.06308,96,6,5,3,110
9/30/2020,Japan,17,SINGAPORE,103.85095,1.2801,15,1,2,1,19
9/30/2020,Japan,18,YOKOSUKA,139.6722,35.28134,114,6,12,6,138
9/30/2020,Japan,19,SASEBO,129.71511,33.17992,71,3,6,3,83
9/30/2020,Japan,22,ZAMA,139.40767,35.48859,130,7,9,7,153
9/30/2020,Japan,26,OKINAWA,127.68093,26.2124,328,18,24,13,383
9/30/2020,Japan,27,IWAKUNI,132.21885,34.16656,59,3,4,2,68
9/30/2020,Korea,20,SEOUL,126.97797,37.56654,101,4,5,2,112
9/30/2020,Korea,21,DAEGU,128.60145,35.87144,118,5,10,5,138
9/30/2020,Korea,23,UIJEONGBU,127.03368,37.7381,69,4,3,3,79
9/30/2020,Korea,24,PYONGTAEK,127.11294,36.99211,133,6,7,4,150
10/31/2020,Europe,2,KAISERSLAUTERN,7.74913,49.44007,170,11,13,7,201
10/31/2020,Europe,4,VICENZA,11.53542,45.54548,73,5,5,3,86
10/31/2020,Europe,10,GARMISCH,11.0955,47.4917,23,2,2,1,28
10/31/2020,Europe,31,ANSBACH,10.57194,49.30043,36,2,4,2,44
10/31/2020,Europe,39,SOUDA BAY,24.15359,35.53763,24,2,2,1,29
10/31/2020,Europe,40,SIGONELLA,14.92222,37.40167,40,3,3,2,48
10/31/2020,Europe,42,NAPLES,14.26812,40.85178,47,2,4,2,55
10/31/2020,Europe,43,ROTA,-6.36298,36.62629,57,4,5,4,70
10/31/2020,Europe,45,STUTTGART,9.18176,48.77542,88,4,4,3,99
10/31/2020,Europe,46,VILSECK,11.80622,49.61001,119,8,9,5,141
10/31/2020,Europe,47,WIESBADEN,8.24334,50.06308,96,6,5,3,110
10/31/2020,Japan,17,SINGAPORE,103.85095,1.2801,15,1,2,1,19
10/31/2020,Japan,18,YOKOSUKA,139.6722,35.28134,114,6,12,6,138
10/31/2020,Japan,19,SASEBO,129.71511,33.17992,71,3,6,3,83
10/31/2020,Japan,22,ZAMA,139.40767,35.48859,147,8,9,8,172
10/31/2020,Japan,26,OKINAWA,127.68093,26.2124,340,18,24,13,395
10/31/2020,Japan,27,IWAKUNI,132.21885,34.16656,61,3,4,2,70
10/31/2020,Korea,20,SEOUL,126.97797,37.56654,107,4,5,2,118
10/31/2020,Korea,21,DAEGU,128.60145,35.87144,124,6,10,4,144
10/31/2020,Korea,23,UIJEONGBU,127.03368,37.7381,73,4,3,3,83
10/31/2020,Korea,24,PYONGTAEK,127.11294,36.99211,138,6,7,4,155
11/30/2020,Europe,2,KAISERSLAUTERN,7.74913,49.44007,170,11,13,7,201
11/30/2020,Europe,4,VICENZA,11.53542,45.54548,73,5,5,3,86
11/30/2020,Europe,10,GARMISCH,11.0955,47.4917,23,2,2,1,28
11/30/2020,Europe,31,ANSBACH,10.57194,49.30043,36,2,4,2,44
11/30/2020,Europe,39,SOUDA BAY,24.15359,35.53763,24,2,2,1,29
11/30/2020,Europe,40,SIGONELLA,14.92222,37.40167,40,3,3,2,48
11/30/2020,Europe,42,NAPLES,14.26812,40.85178,47,2,4,2,55
11/30/2020,Europe,43,ROTA,-6.36298,36.62629,57,4,5,4,70
11/30/2020,Europe,45,STUTTGART,9.18176,48.77542,88,4,4,3,99
11/30/2020,Europe,46,VILSECK,11.80622,49.61001,119,8,9,5,141
11/30/2020,Europe,47,WIESBADEN,8.24334,50.06308,96,6,5,3,110
11/30/2020,Japan,17,SINGAPORE,103.85095,1.2801,15,1,2,1,19
11/30/2020,Japan,18,YOKOSUKA,139.6722,35.28134,114,6,12,6,138
11/30/2020,Japan,19,SASEBO,129.71511,33.17992,71,3,6,3,83
11/30/2020,Japan,22,ZAMA,139.40767,35.48859,119,150,10,7,144
11/30/2020,Japan,26,OKINAWA,127.68093,26.2124,338,18,24,13,393
11/30/2020,Japan,27,IWAKUNI,132.21885,34.16656,61,3,4,2,70
11/30/2020,Korea,20,SEOUL,126.97797,37.56654,107,4,5,2,118
11/30/2020,Korea,21,DAEGU,128.60145,35.87144,124,6,10,4,144
11/30/2020,Korea,23,UIJEONGBU,127.03368,37.7381,73,4,3,3,83
11/30/2020,Korea,24,PYONGTAEK,127.11294,36.99211,138,6,7,4,155
12/31/2020,Europe,2,KAISERSLAUTERN,7.74913,49.44007,170,11,13,7,201
12/31/2020,Europe,4,VICENZA,11.53542,45.54548,73,5,5,3,86
12/31/2020,Europe,10,GARMISCH,11.0955,47.4917,23,2,2,1,28
12/31/2020,Europe,31,ANSBACH,10.57194,49.30043,36,2,4,2,44
12/31/2020,Europe,39,SOUDA BAY,24.15359,35.53763,24,2,2,1,29
12/31/2020,Europe,40,SIGONELLA,14.92222,37.40167,40,3,3,2,48
12/31/2020,Europe,42,NAPLES,14.26812,40.85178,47,2,4,2,55
12/31/2020,Europe,43,ROTA,-6.36298,36.62629,57,4,5,4,70
12/31/2020,Europe,45,STUTTGART,9.18176,48.77542,88,4,4,3,99
12/31/2020,Europe,46,VILSECK,11.80622,49.61001,119,8,9,5,141
12/31/2020,Europe,47,WIESBADEN,8.24334,50.06308,96,6,5,3,110
12/31/2020,Japan,17,SINGAPORE,103.85095,1.2801,15,1,2,1,19
12/31/2020,Japan,18,YOKOSUKA,139.6722,35.28134,114,6,12,6,138
12/31/2020,Japan,19,SASEBO,129.71511,33.17992,71,3,6,3,83
12/31/2020,Japan,22,ZAMA,139.40767,35.48859,144,8,10,8,170
12/31/2020,Japan,26,OKINAWA,127.68093,26.2124,339,18,24,13,394
12/31/2020,Japan,27,IWAKUNI,132.21885,34.16656,61,3,4,2,70
12/31/2020,Korea,20,SEOUL,126.97797,37.56654,107,4,5,2,118
12/31/2020,Korea,21,DAEGU,128.60145,35.87144,124,6,10,4,144
12/31/2020,Korea,23,UIJEONGBU,127.03368,37.7381,73,4,3,3,83
12/31/2020,Korea,24,PYONGTAEK,127.11294,36.99211,138,6,7,4,155
1/31/2021,Europe,2,KAISERSLAUTERN,7.74913,49.44007,170,11,13,7,201
1/31/2021,Europe,4,VICENZA,11.53542,45.54548,73,5,5,3,86
1/31/2021,Europe,10,GARMISCH,11.0955,47.4917,23,2,2,1,28
1/31/2021,Europe,31,ANSBACH,10.57194,49.30043,36,2,4,2,44
1/31/2021,Europe,39,SOUDA BAY,24.15359,35.53763,24,2,2,1,29
1/31/2021,Europe,40,SIGONELLA,14.92222,37.40167,40,3,3,2,48
1/31/2021,Europe,42,NAPLES,14.26812,40.85178,47,2,4,2,55
1/31/2021,Europe,43,ROTA,-6.36298,36.62629,57,4,5,4,70
1/31/2021,Europe,45,STUTTGART,9.18176,48.77542,88,4,4,3,99
1/31/2021,Europe,46,VILSECK,11.80622,49.61001,119,8,9,5,141
1/31/2021,Europe,47,WIESBADEN,8.24334,50.06308,96,6,5,3,110
1/31/2021,Japan,17,SINGAPORE,103.85095,1.2801,15,1,2,1,19
1/31/2021,Japan,18,YOKOSUKA,139.6722,35.28134,114,6,12,6,138
1/31/2021,Japan,19,SASEBO,129.71511,33.17992,71,3,6,3,83
1/31/2021,Japan,22,ZAMA,139.40767,35.48859,144,8,10,8,170
1/31/2021,Japan,26,OKINAWA,127.68093,26.2124,339,18,24,13,394
1/31/2021,Japan,27,IWAKUNI,132.21885,34.16656,61,3,4,2,70
1/31/2021,Korea,20,SEOUL,126.97797,37.56654,107,4,5,2,118
1/31/2021,Korea,21,DAEGU,128.60145,35.87144,127,6,12,5,150
1/31/2021,Korea,23,UIJEONGBU,127.03368,37.7381,73,4,3,3,83
1/31/2021,Korea,24,PYONGTAEK,127.11294,36.99211,138,6,7,4,155
2/28/2021,Europe,2,KAISERSLAUTERN,7.74913,49.44007,170,11,13,7,201
2/28/2021,Europe,4,VICENZA,11.53542,45.54548,73,5,5,3,86
2/28/2021,Europe,10,GARMISCH,11.0955,47.4917,23,2,2,1,28
2/28/2021,Europe,31,ANSBACH,10.57194,49.30043,36,2,4,2,44
2/28/2021,Europe,39,SOUDA BAY,24.15359,35.53763,24,2,2,1,29
2/28/2021,Europe,40,SIGONELLA,14.92222,37.40167,40,3,3,2,48
2/28/2021,Europe,42,NAPLES,14.26812,40.85178,47,2,4,2,55
2/28/2021,Europe,43,ROTA,-6.36298,36.62629,57,4,5,4,70
2/28/2021,Europe,45,STUTTGART,9.18176,48.77542,88,4,4,3,99
2/28/2021,Europe,46,VILSECK,11.80622,49.61001,115,8,9,5,137
2/28/2021,Europe,47,WIESBADEN,8.24334,50.06308,88,6,5,3,102
2/28/2021,Japan,17,SINGAPORE,103.85095,1.2801,15,1,2,1,19
2/28/2021,Japan,18,YOKOSUKA,139.6722,35.28134,114,6,12,6,138
2/28/2021,Japan,19,SASEBO,129.71511,33.17992,71,3,6,3,83
2/28/2021,Japan,22,ZAMA,139.40767,35.48859,144,8,10,8,170
2/28/2021,Japan,26,OKINAWA,127.68093,26.2124,339,18,24,13,394
2/28/2021,Japan,27,IWAKUNI,132.21885,34.16656,65,3,4,2,74
2/28/2021,Korea,20,SEOUL,126.97797,37.56654,105,4,5,2,116
2/28/2021,Korea,21,DAEGU,128.60145,35.87144,127,6,12,5,150
2/28/2021,Korea,23,UIJEONGBU,127.03368,37.7381,73,4,3,3,83
2/28/2021,Korea,24,PYONGTAEK,127.11294,36.99211,138,6,7,4,155
3/31/2021,Europe,2,KAISERSLAUTERN,7.74913,49.44007,175,12,13,8,208
3/31/2021,Europe,4,VICENZA,11.53542,45.54548,73,5,5,3,86
3/31/2021,Europe,10,GARMISCH,11.0955,47.4917,23,2,2,1,28
3/31/2021,Europe,31,ANSBACH,10.57194,49.30043,35,2,4,2,43
3/31/2021,Europe,39,SOUDA BAY,24.15359,35.53763,24,2,2,1,29
3/31/2021,Europe,40,SIGONELLA,14.92222,37.40167,40,3,3,2,48
3/31/2021,Europe,42,NAPLES,14.26812,40.85178,47,2,4,2,55
3/31/2021,Europe,43,ROTA,-6.36298,36.62629,57,4,5,4,70
3/31/2021,Europe,45,STUTTGART,9.18176,48.77542,88,4,4,3,99
3/31/2021,Europe,46,VILSECK,11.80622,49.61001,117,8,9,5,139
3/31/2021,Europe,47,WIESBADEN,8.24334,50.06308,88,5,4,3,100
3/31/2021,Japan,17,SINGAPORE,103.85095,1.2801,15,1,2,1,19
3/31/2021,Japan,18,YOKOSUKA,139.6722,35.28134,114,6,12,6,138
3/31/2021,Japan,19,SASEBO,129.71511,33.17992,71,3,6,3,83
3/31/2021,Japan,22,ZAMA,139.40767,35.48859,145,8,10,8,171
3/31/2021,Japan,26,OKINAWA,127.68093,26.2124,309,16,21,13,359
3/31/2021,Japan,27,IWAKUNI,132.21885,34.16656,68,3,4,2,77
3/31/2021,Korea,20,SEOUL,126.97797,37.56654,105,4,5,2,116
3/31/2021,Korea,21,DAEGU,128.60145,35.87144,127,6,12,5,150
3/31/2021,Korea,23,UIJEONGBU,127.03368,37.7381,73,4,3,3,83
3/31/2021,Korea,24,PYONGTAEK,127.11294,36.99211,138,6,7,4,155
4/30/2021,Europe,2,KAISERSLAUTERN,7.74913,49.44007,175,12,13,7,207
4/30/2021,Europe,4,VICENZA,11.53542,45.54548,73,5,5,3,86
4/30/2021,Europe,10,GARMISCH,11.0955,47.4917,23,2,2,1,28
4/30/2021,Europe,31,ANSBACH,10.57194,49.30043,35,2,4,2,43
4/30/2021,Europe,39,SOUDA BAY,24.15359,35.53763,24,2,2,1,29
4/30/2021,Europe,40,SIGONELLA,14.92222,37.40167,40,3,3,2,48
4/30/2021,Europe,42,NAPLES,14.26812,40.85178,47,2,4,2,55
4/30/2021,Europe,43,ROTA,-6.36298,36.62629,57,4,5,4,70
4/30/2021,Europe,45,STUTTGART,9.18176,48.77542,88,4,4,3,99
4/30/2021,Europe,46,VILSECK,11.80622,49.61001,117,8,9,5,139
4/30/2021,Europe,47,WIESBADEN,8.24334,50.06308,88,5,4,3,100
4/30/2021,Japan,17,SINGAPORE,103.85095,1.2801,15,1,2,1,19
4/30/2021,Japan,18,YOKOSUKA,139.6722,35.28134,114,6,12,6,138
4/30/2021,Japan,19,SASEBO,129.71511,33.17992,71,3,6,3,83
4/30/2021,Japan,22,ZAMA,139.40767,35.48859,145,8,10,8,171
4/30/2021,Japan,26,OKINAWA,127.68093,26.2124,309,16,21,13,359
4/30/2021,Japan,27,IWAKUNI,132.21885,34.16656,68,3,4,2,77
4/30/2021,Korea,20,SEOUL,126.97797,37.56654,105,4,5,2,116
4/30/2021,Korea,21,DAEGU,128.60145,35.87144,127,6,12,5,150
4/30/2021,Korea,23,UIJEONGBU,127.03368,37.7381,73,4,3,3,83
4/30/2021,Korea,24,PYONGTAEK,127.11294,36.99211,138,6,7,4,155
5/31/2021,Europe,2,KAISERSLAUTERN,7.74913,49.44007,163,12,12,7,194
5/31/2021,Europe,4,VICENZA,11.53542,45.54548,73,5,5,3,86
5/31/2021,Europe,10,GARMISCH,11.0955,47.4917,23,2,2,1,28
5/31/2021,Europe,31,ANSBACH,10.57194,49.30043,36,2,4,2,44
5/31/2021,Europe,39,SOUDA BAY,24.15359,35.53763,24,2,2,1,29
5/31/2021,Europe,40,SIGONELLA,14.92222,37.40167,40,3,3,2,48
5/31/2021,Europe,42,NAPLES,14.26812,40.85178,47,2,4,2,55
5/31/2021,Europe,43,ROTA,-6.36298,36.62629,57,4,5,4,70
5/31/2021,Europe,45,STUTTGART,9.18176,48.77542,88,4,4,3,99
5/31/2021,Europe,46,VILSECK,11.80622,49.61001,117,8,9,5,139
5/31/2021,Europe,47,WIESBADEN,8.24334,50.06308,88,5,4,3,100
5/31/2021,Japan,17,SINGAPORE,103.85095,1.2801,15,1,2,1,19
5/31/2021,Japan,18,YOKOSUKA,139.6722,35.28134,114,6,12,6,138
5/31/2021,Japan,19,SASEBO,129.71511,33.17992,71,3,6,3,83
5/31/2021,Japan,22,ZAMA,139.40767,35.48859,145,8,10,8,171
5/31/2021,Japan,26,OKINAWA,127.68093,26.2124,335,17,23,13,388
5/31/2021,Japan,27,IWAKUNI,132.21885,34.16656,68,3,4,2,77
5/31/2021,Korea,20,SEOUL,126.97797,37.56654,105,4,5,2,116
5/31/2021,Korea,21,DAEGU,128.60145,35.87144,126,6,12,5,149
5/31/2021,Korea,23,UIJEONGBU,127.03368,37.7381,73,4,3,3,83
5/31/2021,Korea,24,PYONGTAEK,127.11294,36.99211,133,6,7,4,150
6/30/2021,Europe,2,KAISERSLAUTERN,7.74913,49.44007,163,12,13,7,195
6/30/2021,Europe,4,VICENZA,11.53542,45.54548,73,5,5,3,86
6/30/2021,Europe,10,GARMISCH,11.0955,47.4917,23,2,2,1,28
6/30/2021,Europe,31,ANSBACH,10.57194,49.30043,36,2,4,2,44
6/30/2021,Europe,39,SOUDA BAY,24.15359,35.53763,24,2,2,1,29
6/30/2021,Europe,40,SIGONELLA,14.92222,37.40167,40,3,3,2,48
6/30/2021,Europe,42,NAPLES,14.26812,40.85178,47,2,4,2,55
6/30/2021,Europe,43,ROTA,-6.36298,36.62629,57,4,5,4,70
6/30/2021,Europe,45,STUTTGART,9.18176,48.77542,88,4,4,3,99
6/30/2021,Europe,46,VILSECK,11.80622,49.61001,117,8,9,5,139
6/30/2021,Europe,47,WIESBADEN,8.24334,50.06308,88,5,4,3,100
6/30/2021,Japan,17,SINGAPORE,103.85095,1.2801,15,1,2,1,19
6/30/2021,Japan,18,YOKOSUKA,139.6722,35.28134,114,6,12,6,138
6/30/2021,Japan,19,SASEBO,129.71511,33.17992,71,4,6,3,84
6/30/2021,Japan,22,ZAMA,139.40767,35.48859,144,8,10,8,170
6/30/2021,Japan,26,OKINAWA,127.68093,26.2124,335,17,23,13,388
6/30/2021,Japan,27,IWAKUNI,132.21885,34.16656,68,3,4,2,77
6/30/2021,Korea,20,SEOUL,126.97797,37.56654,105,4,5,2,116
6/30/2021,Korea,21,DAEGU,128.60145,35.87144,128,6,12,5,151
6/30/2021,Korea,23,UIJEONGBU,127.03368,37.7381,73,4,3,3,83
6/30/2021,Korea,24,PYONGTAEK,127.11294,36.99211,133,6,7,4,150
7/31/2021,Europe,2,KAISERSLAUTERN,7.74913,49.44007,163,12,13,7,195
7/31/2021,Europe,4,VICENZA,11.53542,45.54548,73,5,5,3,86
7/31/2021,Europe,10,GARMISCH,11.0955,47.4917,23,2,2,1,28
7/31/2021,Europe,31,ANSBACH,10.57194,49.30043,36,2,4,2,44
7/31/2021,Europe,39,SOUDA BAY,24.15359,35.53763,24,2,2,1,29
7/31/2021,Europe,40,SIGONELLA,14.92222,37.40167,40,3,3,2,48
7/31/2021,Europe,42,NAPLES,14.26812,40.85178,47,2,4,2,55
7/31/2021,Europe,43,ROTA,-6.36298,36.62629,57,4,5,4,70
7/31/2021,Europe,45,STUTTGART,9.18176,48.77542,88,4,4,3,99
7/31/2021,Europe,46,VILSECK,11.80622,49.61001,117,8,9,5,139
7/31/2021,Europe,47,WIESBADEN,8.24334,50.06308,88,5,4,3,100
7/31/2021,Japan,17,SINGAPORE,103.85095,1.2801,15,1,2,1,19
7/31/2021,Japan,18,YOKOSUKA,139.6722,35.28134,114,6,12,6,138
7/31/2021,Japan,19,SASEBO,129.71511,33.17992,71,4,6,3,84
7/31/2021,Japan,22,ZAMA,139.40767,35.48859,144,8,10,8,170
7/31/2021,Japan,26,OKINAWA,127.68093,26.2124,341,18,24,13,396
7/31/2021,Japan,27,IWAKUNI,132.21885,34.16656,68,3,4,2,77
7/31/2021,Korea,20,SEOUL,126.97797,37.56654,100,4,5,2,111
7/31/2021,Korea,21,DAEGU,128.60145,35.87144,128,6,12,5,151
7/31/2021,Korea,23,UIJEONGBU,127.03368,37.7381,73,4,3,3,83
7/31/2021,Korea,24,PYONGTAEK,127.11294,36.99211,133,6,7,4,150
8/31/2021,Europe,2,KAISERSLAUTERN,7.74913,49.44007,163,12,13,7,195
8/31/2021,Europe,4,VICENZA,11.53542,45.54548,75,5,5,3,88
8/31/2021,Europe,10,GARMISCH,11.0955,47.4917,23,2,2,1,28
8/31/2021,Europe,31,ANSBACH,10.57194,49.30043,36,2,4,2,44
8/31/2021,Europe,39,SOUDA BAY,24.15359,35.53763,24,2,2,1,29
8/31/2021,Europe,40,SIGONELLA,14.92222,37.40167,40,3,3,2,48
8/31/2021,Europe,42,NAPLES,14.26812,40.85178,47,2,4,2,55
8/31/2021,Europe,43,ROTA,-6.36298,36.62629,57,4,5,4,70
8/31/2021,Europe,45,STUTTGART,9.18176,48.77542,88,4,4,3,99
8/31/2021,Europe,46,VILSECK,11.80622,49.61001,117,8,9,5,139
8/31/2021,Europe,47,WIESBADEN,8.24334,50.06308,88,5,4,3,100
8/31/2021,Japan,17,SINGAPORE,103.85095,1.2801,15,1,2,1,19
8/31/2021,Japan,18,YOKOSUKA,139.6722,35.28134,114,6,12,6,138
8/31/2021,Japan,19,SASEBO,129.71511,33.17992,71,4,6,3,84
8/31/2021,Japan,22,ZAMA,139.40767,35.48859,144,8,10,8,170
8/31/2021,Japan,26,OKINAWA,127.68093,26.2124,341,18,24,13,396
8/31/2021,Japan,27,IWAKUNI,132.21885,34.16656,68,3,4,2,77
8/31/2021,Korea,20,SEOUL,126.97797,37.56654,100,4,5,2,111
8/31/2021,Korea,21,DAEGU,128.60145,35.87144,128,6,12,5,151
8/31/2021,Korea,23,UIJEONGBU,127.03368,37.7381,73,4,3,3,83
8/31/2021,Korea,24,PYONGTAEK,127.11294,36.99211,133,6,7,4,150
9/30/2021,Europe,2,KAISERSLAUTERN,7.74913,49.44007,163,12,13,7,195
9/30/2021,Europe,4,VICENZA,11.53542,45.54548,75,5,5,3,88
9/30/2021,Europe,10,GARMISCH,11.0955,47.4917,23,2,2,1,28
9/30/2021,Europe,31,ANSBACH,10.57194,49.30043,36,2,4,2,44
9/30/2021,Europe,39,SOUDA BAY,24.15359,35.53763,24,2,2,1,29
9/30/2021,Europe,40,SIGONELLA,14.92222,37.40167,40,3,3,2,48
9/30/2021,Europe,42,NAPLES,14.26812,40.85178,47,2,4,2,55
9/30/2021,Europe,43,ROTA,-6.36298,36.62629,57,4,5,4,70
9/30/2021,Europe,45,STUTTGART,9.18176,48.77542,88,4,4,3,99
9/30/2021,Europe,46,VILSECK,11.80622,49.61001,103,7,7,4,121
9/30/2021,Europe,47,WIESBADEN,8.24334,50.06308,88,5,4,3,100
9/30/2021,Japan,17,SINGAPORE,103.85095,1.2801,15,1,2,1,19
9/30/2021,Japan,18,YOKOSUKA,139.6722,35.28134,114,6,12,6,138
9/30/2021,Japan,19,SASEBO,129.71511,33.17992,71,3,6,3,83
9/30/2021,Japan,22,ZAMA,139.40767,35.48859,144,8,10,8,170
9/30/2021,Japan,26,OKINAWA,127.68093,26.2124,341,18,24,13,396
9/30/2021,Japan,27,IWAKUNI,132.21885,34.16656,68,3,4,2,77
9/30/2021,Korea,20,SEOUL,126.97797,37.56654,98,4,5,2,109
9/30/2021,Korea,21,DAEGU,128.60145,35.87144,128,6,12,5,151
9/30/2021,Korea,23,UIJEONGBU,127.03368,37.7381,73,5,3,3,84
9/30/2021,Korea,24,PYONGTAEK,127.11294,36.99211,133,6,7,4,150
11/30/2021,Europe,2,KAISERSLAUTERN,7.74913,49.44007,163,12,13,7,195
11/30/2021,Europe,4,VICENZA,11.53542,45.54548,73,5,5,3,86
11/30/2021,Europe,10,GARMISCH,11.0955,47.4917,23,2,2,1,28
11/30/2021,Europe,31,ANSBACH,10.57194,49.30043,36,2,4,2,44
11/30/2021,Europe,39,SOUDA BAY,24.15359,35.53763,24,2,2,1,29
11/30/2021,Europe,40,SIGONELLA,14.92222,37.40167,40,3,3,2,48
11/30/2021,Europe,42,NAPLES,14.26812,40.85178,47,2,4,2,55
11/30/2021,Europe,43,ROTA,-6.36298,36.62629,57,4,5,4,70
11/30/2021,Europe,45,STUTTGART,9.18176,48.77542,88,4,4,3,99
11/30/2021,Europe,46,VILSECK,11.80622,49.61001,103,7,7,4,121
11/30/2021,Europe,47,WIESBADEN,8.24334,50.06308,88,5,4,3,100
11/30/2021,Japan,17,SINGAPORE,103.85095,1.2801,15,1,2,1,19
11/30/2021,Japan,18,YOKOSUKA,139.6722,35.28134,114,6,12,6,138
11/30/2021,Japan,19,SASEBO,129.71511,33.17992,71,3,6,3,83
11/30/2021,Japan,22,ZAMA,139.40767,35.48859,144,8,10,8,170
11/30/2021,Japan,26,OKINAWA,127.68093,26.2124,341,18,24,13,396
11/30/2021,Japan,27,IWAKUNI,132.21885,34.16656,68,3,4,2,77
11/30/2021,Korea,20,SEOUL,126.97797,37.56654,88,3,5,2,98
11/30/2021,Korea,21,DAEGU,128.60145,35.87144,137,6,12,6,161
11/30/2021,Korea,23,UIJEONGBU,127.03368,37.7381,73,5,3,3,84
11/30/2021,Korea,24,PYONGTAEK,127.11294,36.99211,133,6,7,4,150
12/31/2021,Europe,2,KAISERSLAUTERN,7.74913,49.44007,163,12,13,7,195
12/31/2021,Europe,4,VICENZA,11.53542,45.54548,73,5,5,3,86
12/31/2021,Europe,10,GARMISCH,11.0955,47.4917,23,2,2,1,28
12/31/2021,Europe,31,ANSBACH,10.57194,49.30043,36,2,4,2,44
12/31/2021,Europe,39,SOUDA BAY,24.15359,35.53763,24,2,2,1,29
12/31/2021,Europe,40,SIGONELLA,14.92222,37.40167,40,3,3,2,48
12/31/2021,Europe,42,NAPLES,14.26812,40.85178,47,2,4,2,55
12/31/2021,Europe,43,ROTA,-6.36298,36.62629,57,4,5,4,70
12/31/2021,Europe,45,STUTTGART,9.18176,48.77542,88,4,4,3,99
12/31/2021,Europe,46,VILSECK,11.80622,49.61001,105,7,7,4,123
12/31/2021,Europe,47,WIESBADEN,8.24334,50.06308,88,5,4,3,100
12/31/2021,Japan,17,SINGAPORE,103.85095,1.2801,15,1,2,1,19
12/31/2021,Japan,18,YOKOSUKA,139.6722,35.28134,114,6,12,6,138
12/31/2021,Japan,19,SASEBO,129.71511,33.17992,71,3,6,3,83
12/31/2021,Japan,22,ZAMA,139.40767,35.48859,144,8,10,8,170
12/31/2021,Japan,26,OKINAWA,127.68093,26.2124,341,18,24,13,396
12/31/2021,Japan,27,IWAKUNI,132.21885,34.16656,68,3,4,2,77
12/31/2021,Korea,20,SEOUL,126.97797,37.56654,86,3,5,2,96
12/31/2021,Korea,21,DAEGU,128.60145,35.87144,135,6,12,6,159
12/31/2021,Korea,23,UIJEONGBU,127.03368,37.7381,73,5,3,3,84
12/31/2021,Korea,24,PYONGTAEK,127.11294,36.99211,133,6,7,4,150
1/31/2022,Europe,2,KAISERSLAUTERN,7.74913,49.44007,163,12,13,7,195
1/31/2022,Europe,4,VICENZA,11.53542,45.54548,73,5,5,3,86
1/31/2022,Europe,10,GARMISCH,11.0955,47.4917,23,2,2,1,28
1/31/2022,Europe,31,ANSBACH,10.57194,49.30043,36,2,4,2,44
1/31/2022,Europe,39,SOUDA BAY,24.15359,35.53763,28,2,2,1,33
1/31/2022,Europe,40,SIGONELLA,14.92222,37.40167,40,3,3,2,48
1/31/2022,Europe,42,NAPLES,14.26812,40.85178,47,2,4,2,55
1/31/2022,Europe,43,ROTA,-6.36298,36.62629,57,4,5,4,70
1/31/2022,Europe,45,STUTTGART,9.18176,48.77542,88,4,4,3,99
1/31/2022,Europe,46,VILSECK,11.80622,49.61001,105,7,7,4,123
1/31/2022,Europe,47,WIESBADEN,8.24334,50.06308,88,5,4,3,100
1/31/2022,Japan,17,SINGAPORE,103.85095,1.2801,15,1,2,1,19
1/31/2022,Japan,18,YOKOSUKA,139.6722,35.28134,114,6,12,6,138
1/31/2022,Japan,19,SASEBO,129.71511,33.17992,71,3,6,3,83
1/31/2022,Japan,22,ZAMA,139.40767,35.48859,144,8,10,8,170
1/31/2022,Japan,26,OKINAWA,127.68093,26.2124,341,18,24,13,396
1/31/2022,Japan,27,IWAKUNI,132.21885,34.16656,68,3,4,2,77
1/31/2022,Korea,20,SEOUL,126.97797,37.56654,86,3,5,2,96
1/31/2022,Korea,21,DAEGU,128.60145,35.87144,135,6,12,6,159
1/31/2022,Korea,23,UIJEONGBU,127.03368,37.7381,73,5,3,3,84
1/31/2022,Korea,24,PYONGTAEK,127.11294,36.99211,133,6,7,4,150
2/28/2022,Europe,2,KAISERSLAUTERN,7.74913,49.44007,163,12,13,7,195
2/28/2022,Europe,4,VICENZA,11.53542,45.54548,73,5,5,3,86
2/28/2022,Europe,10,GARMISCH,11.0955,47.4917,23,2,2,1,28
2/28/2022,Europe,31,ANSBACH,10.57194,49.30043,36,2,4,2,44
2/28/2022,Europe,39,SOUDA BAY,24.15359,35.53763,28,2,2,1,33
2/28/2022,Europe,40,SIGONELLA,14.92222,37.40167,40,3,3,2,48
2/28/2022,Europe,42,NAPLES,14.26812,40.85178,47,2,4,2,55
2/28/2022,Europe,43,ROTA,-6.36298,36.62629,57,4,5,4,70
2/28/2022,Europe,45,STUTTGART,9.18176,48.77542,88,4,4,3,99
2/28/2022,Europe,46,VILSECK,11.80622,49.61001,105,7,7,4,123
2/28/2022,Europe,47,WIESBADEN,8.24334,50.06308,88,5,4,3,100
2/28/2022,Japan,17,SINGAPORE,103.85095,1.2801,15,1,2,1,19
2/28/2022,Japan,18,YOKOSUKA,139.6722,35.28134,114,6,12,6,138
2/28/2022,Japan,19,SASEBO,129.71511,33.17992,71,3,6,3,83
2/28/2022,Japan,22,ZAMA,139.40767,35.48859,144,8,10,8,170
2/28/2022,Japan,26,OKINAWA,127.68093,26.2124,341,18,24,13,396
2/28/2022,Japan,27,IWAKUNI,132.21885,34.16656,68,3,4,2,77
2/28/2022,Korea,20,SEOUL,126.97797,37.56654,86,3,5,2,96
2/28/2022,Korea,21,DAEGU,128.60145,35.87144,132,6,12,6,156
2/28/2022,Korea,23,UIJEONGBU,127.03368,37.7381,73,5,3,3,84
2/28/2022,Korea,24,PYONGTAEK,127.11294,36.99211,133,6,7,4,150
3/31/2022,Europe,2,KAISERSLAUTERN,7.74913,49.44007,172,12,13,7,204
3/31/2022,Europe,4,VICENZA,11.53542,45.54548,73,5,5,3,86
3/31/2022,Europe,10,GARMISCH,11.0955,47.4917,23,2,2,1,28
3/31/2022,Europe,31,ANSBACH,10.57194,49.30043,36,2,4,2,44
3/31/2022,Europe,39,SOUDA BAY,24.15359,35.53763,28,2,2,1,33
3/31/2022,Europe,40,SIGONELLA,14.92222,37.40167,40,3,3,2,48
3/31/2022,Europe,42,NAPLES,14.26812,40.85178,47,2,4,2,55
3/31/2022,Europe,43,ROTA,-6.36298,36.62629,57,4,5,4,70
3/31/2022,Europe,45,STUTTGART,9.18176,48.77542,88,4,4,3,99
3/31/2022,Europe,46,VILSECK,11.80622,49.61001,105,7,7,4,123
3/31/2022,Europe,47,WIESBADEN,8.24334,50.06308,88,5,4,3,100
3/31/2022,Japan,17,SINGAPORE,103.85095,1.2801,15,1,2,1,19
3/31/2022,Japan,18,YOKOSUKA,139.6722,35.28134,114,6,12,6,138
3/31/2022,Japan,19,SASEBO,129.71511,33.17992,71,3,6,3,83
3/31/2022,Japan,22,ZAMA,139.40767,35.48859,144,8,10,8,170
3/31/2022,Japan,26,OKINAWA,127.68093,26.2124,341,18,24,13,396
3/31/2022,Japan,27,IWAKUNI,132.21885,34.16656,68,3,4,2,77
3/31/2022,Korea,20,SEOUL,126.97797,37.56654,86,3,5,2,96
3/31/2022,Korea,21,DAEGU,128.60145,35.87144,125,6,12,6,149
3/31/2022,Korea,23,UIJEONGBU,127.03368,37.7381,73,5,3,3,84
3/31/2022,Korea,24,PYONGTAEK,127.11294,36.99211,133,6,7,4,150
4/30/2022,Europe,2,KAISERSLAUTERN,7.74913,49.44007,172,12,13,7,204
4/30/2022,Europe,4,VICENZA,11.53542,45.54548,73,5,5,3,86
4/30/2022,Europe,10,GARMISCH,11.0955,47.4917,23,2,2,1,28
4/30/2022,Europe,31,ANSBACH,10.57194,49.30043,36,2,4,2,44
4/30/2022,Europe,39,SOUDA BAY,24.15359,35.53763,20,2,2,1,25
4/30/2022,Europe,40,SIGONELLA,14.92222,37.40167,40,3,3,2,48
4/30/2022,Europe,42,NAPLES,14.26812,40.85178,47,2,4,2,55
4/30/2022,Europe,43,ROTA,-6.36298,36.62629,57,4,5,4,70
4/30/2022,Europe,45,STUTTGART,9.18176,48.77542,88,4,4,3,99
4/30/2022,Europe,46,VILSECK,11.80622,49.61001,105,7,7,4,123
4/30/2022,Europe,47,WIESBADEN,8.24334,50.06308,87,5,4,3,99
4/30/2022,Japan,17,SINGAPORE,103.85095,1.2801,15,1,2,1,19
4/30/2022,Japan,18,YOKOSUKA,139.6722,35.28134,114,6,12,6,138
4/30/2022,Japan,19,SASEBO,129.71511,33.17992,71,3,6,3,83
4/30/2022,Japan,22,ZAMA,139.40767,35.48859,148,8,10,8,174
4/30/2022,Japan,26,OKINAWA,127.68093,26.2124,341,18,24,13,396
4/30/2022,Japan,27,IWAKUNI,132.21885,34.16656,68,3,4,2,77
4/30/2022,Korea,20,SEOUL,126.97797,37.56654,86,3,5,2,96
4/30/2022,Korea,21,DAEGU,128.60145,35.87144,125,6,12,6,149
4/30/2022,Korea,23,UIJEONGBU,127.03368,37.7381,73,5,3,3,84
4/30/2022,Korea,24,PYONGTAEK,127.11294,36.99211,133,6,7,4,150
6/30/2022,Europe,2,KAISERSLAUTERN,7.74913,49.44007,173,12,13,7,205
6/30/2022,Europe,4,VICENZA,11.53542,45.54548,73,5,5,3,86
6/30/2022,Europe,10,GARMISCH,11.0955,47.4917,23,2,2,1,28
6/30/2022,Europe,31,ANSBACH,10.57194,49.30043,36,2,4,2,44
6/30/2022,Europe,39,SOUDA BAY,24.15359,35.53763,20,2,2,1,25
6/30/2022,Europe,40,SIGONELLA,14.92222,37.40167,40,3,3,2,48
6/30/2022,Europe,42,NAPLES,14.26812,40.85178,47,2,4,2,55
6/30/2022,Europe,43,ROTA,-6.36298,36.62629,57,4,5,4,70
6/30/2022,Europe,45,STUTTGART,9.18176,48.77542,88,4,4,3,99
6/30/2022,Europe,46,VILSECK,11.80622,49.61001,105,7,7,4,123
6/30/2022,Europe,47,WIESBADEN,8.24334,50.06308,87,5,4,3,99
6/30/2022,Japan,17,SINGAPORE,103.85095,1.2801,15,1,2,1,19
6/30/2022,Japan,18,YOKOSUKA,139.6722,35.28134,114,6,12,6,138
6/30/2022,Japan,19,SASEBO,129.71511,33.17992,71,3,6,3,83
6/30/2022,Japan,22,ZAMA,139.40767,35.48859,148,8,10,8,174
6/30/2022,Japan,26,OKINAWA,127.68093,26.2124,341,18,24,13,396
6/30/2022,Japan,27,IWAKUNI,132.21885,34.16656,68,3,4,2,77
6/30/2022,Korea,20,SEOUL,126.97797,37.56654,86,3,5,2,96
6/30/2022,Korea,21,DAEGU,128.60145,35.87144,125,6,12,6,149
6/30/2022,Korea,23,UIJEONGBU,127.03368,37.7381,73,5,3,3,84
6/30/2022,Korea,24,PYONGTAEK,127.11294,36.99211,133,6,7,4,150
7/31/2022,Europe,2,KAISERSLAUTERN,7.74913,49.44007,173,12,13,7,205
7/31/2022,Europe,4,VICENZA,11.53542,45.54548,73,5,5,3,86
7/31/2022,Europe,10,GARMISCH,11.0955,47.4917,23,2,2,1,28
7/31/2022,Europe,31,ANSBACH,10.57194,49.30043,36,2,4,2,44
7/31/2022,Europe,39,SOUDA BAY,24.15359,35.53763,20,2,2,1,25
7/31/2022,Europe,40,SIGONELLA,14.92222,37.40167,40,3,3,2,48
7/31/2022,Europe,42,NAPLES,14.26812,40.85178,47,2,4,2,55
7/31/2022,Europe,43,ROTA,-6.36298,36.62629,57,4,5,4,70
7/31/2022,Europe,45,STUTTGART,9.18176,48.77542,88,4,4,3,99
7/31/2022,Europe,46,VILSECK,11.80622,49.61001,104,7,7,4,122
7/31/2022,Europe,47,WIESBADEN,8.24334,50.06308,87,5,4,3,99
7/31/2022,Japan,17,SINGAPORE,103.85095,1.2801,10,1,2,0,13
7/31/2022,Japan,18,YOKOSUKA,139.6722,35.28134,114,6,12,6,138
7/31/2022,Japan,19,SASEBO,129.71511,33.17992,71,3,6,3,83
7/31/2022,Japan,22,ZAMA,139.40767,35.48859,148,8,10,8,174
7/31/2022,Japan,26,OKINAWA,127.68093,26.2124,341,18,24,13,396
7/31/2022,Japan,27,IWAKUNI,132.21885,34.16656,68,3,4,2,77
7/31/2022,Korea,20,SEOUL,126.97797,37.56654,86,3,5,2,96
7/31/2022,Korea,21,DAEGU,128.60145,35.87144,125,6,12,6,149
7/31/2022,Korea,23,UIJEONGBU,127.03368,37.7381,73,3,0,0,76
7/31/2022,Korea,24,PYONGTAEK,127.11294,36.99211,133,6,7,4,150
8/31/2022,Europe,2,KAISERSLAUTERN,7.74913,49.44007,173,12,14,7,206
8/31/2022,Europe,4,VICENZA,11.53542,45.54548,73,5,5,3,86
8/31/2022,Europe,10,GARMISCH,11.0955,47.4917,15,2,2,1,20
8/31/2022,Europe,31,ANSBACH,10.57194,49.30043,36,2,4,2,44
8/31/2022,Europe,39,SOUDA BAY,24.15359,35.53763,20,2,2,1,25
8/31/2022,Europe,40,SIGONELLA,14.92222,37.40167,40,3,3,2,48
8/31/2022,Europe,42,NAPLES,14.26812,40.85178,47,2,4,2,55
8/31/2022,Europe,43,ROTA,-6.36298,36.62629,57,4,5,4,70
8/31/2022,Europe,45,STUTTGART,9.18176,48.77542,88,4,4,3,99
8/31/2022,Europe,46,VILSECK,11.80622,49.61001,104,7,7,4,122
8/31/2022,Europe,47,WIESBADEN,8.24334,50.06308,87,5,4,3,99
8/31/2022,Japan,17,SINGAPORE,103.85095,1.2801,10,1,2,0,13
8/31/2022,Japan,18,YOKOSUKA,139.6722,35.28134,114,6,12,6,138
8/31/2022,Japan,19,SASEBO,129.71511,33.17992,71,3,6,3,83
8/31/2022,Japan,22,ZAMA,139.40767,35.48859,148,8,10,8,174
8/31/2022,Japan,26,OKINAWA,127.68093,26.2124,341,18,24,13,396
8/31/2022,Japan,27,IWAKUNI,132.21885,34.16656,54,3,4,2,63
8/31/2022,Korea,20,SEOUL,126.97797,37.56654,86,3,5,2,96
8/31/2022,Korea,21,DAEGU,128.60145,35.87144,125,6,12,6,149
8/31/2022,Korea,23,UIJEONGBU,127.03368,37.7381,73,4,0,0,77
8/31/2022,Korea,24,PYONGTAEK,127.11294,36.99211,133,6,7,4,150
9/30/2022,Europe,2,KAISERSLAUTERN,7.74913,49.44007,173,12,14,7,206
9/30/2022,Europe,4,VICENZA,11.53542,45.54548,73,5,5,3,86
9/30/2022,Europe,10,GARMISCH,11.0955,47.4917,15,2,2,1,20
9/30/2022,Europe,31,ANSBACH,10.57194,49.30043,36,2,4,2,44
9/30/2022,Europe,39,SOUDA BAY,24.15359,35.53763,20,2,2,1,25
9/30/2022,Europe,40,SIGONELLA,14.92222,37.40167,40,3,3,2,48
9/30/2022,Europe,42,NAPLES,14.26812,40.85178,47,2,4,2,55
9/30/2022,Europe,43,ROTA,-6.36298,36.62629,57,4,5,4,70
9/30/2022,Europe,45,STUTTGART,9.18176,48.77542,88,4,4,3,99
9/30/2022,Europe,46,VILSECK,11.80622,49.61001,104,7,7,4,122
9/30/2022,Europe,47,WIESBADEN,8.24334,50.06308,87,5,4,3,99
9/30/2022,Japan,17,SINGAPORE,103.85095,1.2801,10,1,2,0,13
9/30/2022,Japan,18,YOKOSUKA,139.6722,35.28134,114,6,12,6,138
9/30/2022,Japan,19,SASEBO,129.71511,33.17992,71,3,6,3,83
9/30/2022,Japan,22,ZAMA,139.40767,35.48859,148,8,10,8,174
9/30/2022,Japan,26,OKINAWA,127.68093,26.2124,341,18,24,13,396
9/30/2022,Japan,27,IWAKUNI,132.21885,34.16656,54,3,4,2,63
9/30/2022,Korea,20,SEOUL,126.97797,37.56654,86,3,5,2,96
9/30/2022,Korea,21,DAEGU,128.60145,35.87144,125,6,12,6,149
9/30/2022,Korea,23,UIJEONGBU,127.03368,37.7381,73,4,0,0,77
9/30/2022,Korea,24,PYONGTAEK,127.11294,36.99211,133,6,7,4,150
10/31/2022,Europe,2,KAISERSLAUTERN,7.74913,49.44007,173,12,14,7,206
10/31/2022,Europe,4,VICENZA,11.53542,45.54548,73,5,5,3,86
10/31/2022,Europe,10,GARMISCH,11.0955,47.4917,15,2,2,1,20
10/31/2022,Europe,31,ANSBACH,10.57194,49.30043,36,2,4,2,44
10/31/2022,Europe,39,SOUDA BAY,24.15359,35.53763,20,2,2,1,25
10/31/2022,Europe,40,SIGONELLA,14.92222,37.40167,40,3,3,2,48
10/31/2022,Europe,42,NAPLES,14.26812,40.85178,47,2,4,2,55
10/31/2022,Europe,43,ROTA,-6.36298,36.62629,60,4,6,4,74
10/31/2022,Europe,45,STUTTGART,9.18176,48.77542,88,4,4,3,99
10/31/2022,Europe,46,VILSECK,11.80622,49.61001,104,7,7,4,122
10/31/2022,Europe,47,WIESBADEN,8.24334,50.06308,87,5,4,3,99
10/31/2022,Japan,17,SINGAPORE,103.85095,1.2801,10,1,2,1,14
10/31/2022,Japan,18,YOKOSUKA,139.6722,35.28134,114,6,12,6,138
10/31/2022,Japan,19,SASEBO,129.71511,33.17992,71,3,6,3,83
10/31/2022,Japan,22,ZAMA,139.40767,35.48859,148,8,10,8,174
10/31/2022,Japan,26,OKINAWA,127.68093,26.2124,341,17,24,13,395
10/31/2022,Japan,27,IWAKUNI,132.21885,34.16656,66,3,4,2,75
10/31/2022,Korea,20,SEOUL,126.97797,37.56654,86,3,5,2,96
10/31/2022,Korea,21,DAEGU,128.60145,35.87144,125,6,12,6,149
10/31/2022,Korea,23,UIJEONGBU,127.03368,37.7381,73,4,0,0,77
10/31/2022,Korea,24,PYONGTAEK,127.11294,36.99211,133,6,7,4,150
11/30/2022,Europe,2,KAISERSLAUTERN,7.74913,49.44007,173,12,14,7,206
11/30/2022,Europe,4,VICENZA,11.53542,45.54548,73,5,5,3,86
11/30/2022,Europe,10,GARMISCH,11.0955,47.4917,15,2,2,1,20
11/30/2022,Europe,31,ANSBACH,10.57194,49.30043,36,2,4,2,44
11/30/2022,Europe,39,SOUDA BAY,24.15359,35.53763,20,2,2,1,25
11/30/2022,Europe,40,SIGONELLA,14.92222,37.40167,40,3,3,2,48
11/30/2022,Europe,42,NAPLES,14.26812,40.85178,47,2,4,2,55
11/30/2022,Europe,43,ROTA,-6.36298,36.62629,60,4,6,4,74
11/30/2022,Europe,45,STUTTGART,9.18176,48.77542,88,4,4,3,99
11/30/2022,Europe,46,VILSECK,11.80622,49.61001,104,7,7,4,122
11/30/2022,Europe,47,WIESBADEN,8.24334,50.06308,87,5,4,3,99
11/30/2022,Japan,17,SINGAPORE,103.85095,1.2801,10,1,2,1,14
11/30/2022,Japan,18,YOKOSUKA,139.6722,35.28134,114,6,12,6,138
11/30/2022,Japan,19,SASEBO,129.71511,33.17992,71,3,6,3,83
11/30/2022,Japan,22,ZAMA,139.40767,35.48859,148,8,10,8,174
11/30/2022,Japan,26,OKINAWA,127.68093,26.2124,341,17,24,13,395
11/30/2022,Japan,27,IWAKUNI,132.21885,34.16656,66,3,4,2,75
11/30/2022,Korea,20,SEOUL,126.97797,37.56654,86,3,5,2,96
11/30/2022,Korea,21,DAEGU,128.60145,35.87144,125,6,12,6,149
11/30/2022,Korea,23,UIJEONGBU,127.03368,37.7381,73,4,0,0,77
11/30/2022,Korea,24,PYONGTAEK,127.11294,36.99211,133,6,7,4,150
12/31/2022,Europe,2,KAISERSLAUTERN,7.74913,49.44007,174,12,14,7,207
12/31/2022,Europe,4,VICENZA,11.53542,45.54548,73,5,5,3,86
12/31/2022,Europe,10,GARMISCH,11.0955,47.4917,15,2,2,1,20
12/31/2022,Europe,31,ANSBACH,10.57194,49.30043,36,2,4,2,44
12/31/2022,Europe,39,SOUDA BAY,24.15359,35.53763,20,2,2,1,25
12/31/2022,Europe,40,SIGONELLA,14.92222,37.40167,40,3,3,2,48
12/31/2022,Europe,42,NAPLES,14.26812,40.85178,47,2,4,2,55
12/31/2022,Europe,43,ROTA,-6.36298,36.62629,62,4,6,4,76
12/31/2022,Europe,45,STUTTGART,9.18176,48.77542,88,4,4,3,99
12/31/2022,Europe,46,VILSECK,11.80622,49.61001,104,7,7,4,122
12/31/2022,Europe,47,WIESBADEN,8.24334,50.06308,89,4,0,1,94
12/31/2022,Japan,17,SINGAPORE,103.85095,1.2801,10,1,2,1,14
12/31/2022,Japan,18,YOKOSUKA,139.6722,35.28134,114,6,12,6,138
12/31/2022,Japan,19,SASEBO,129.71511,33.17992,71,3,6,3,83
12/31/2022,Japan,22,ZAMA,139.40767,35.48859,148,8,10,8,174
12/31/2022,Japan,26,OKINAWA,127.68093,26.2124,341,17,24,13,395
12/31/2022,Japan,27,IWAKUNI,132.21885,34.16656,66,3,4,2,75
12/31/2022,Korea,20,SEOUL,126.97797,37.56654,86,3,5,2,96
12/31/2022,Korea,21,DAEGU,128.60145,35.87144,111,5,10,5,131
12/31/2022,Korea,23,UIJEONGBU,127.03368,37.7381,73,4,0,0,77
12/31/2022,Korea,24,PYONGTAEK,127.11294,36.99211,133,6,7,4,150
1/31/2023,Europe,2,KAISERSLAUTERN,7.74913,49.44007,174,12,14,7,207
1/31/2023,Europe,4,VICENZA,11.53542,45.54548,73,5,5,3,86
1/31/2023,Europe,10,GARMISCH,11.0955,47.4917,15,0,0,1,16
1/31/2023,Europe,31,ANSBACH,10.57194,49.30043,36,2,4,2,44
1/31/2023,Europe,39,SOUDA BAY,24.15359,35.53763,20,2,2,1,25
1/31/2023,Europe,40,SIGONELLA,14.92222,37.40167,40,3,3,2,48
1/31/2023,Europe,42,NAPLES,14.26812,40.85178,47,2,4,2,55
1/31/2023,Europe,43,ROTA,-6.36298,36.62629,63,4,6,4,77
1/31/2023,Europe,45,STUTTGART,9.18176,48.77542,88,4,4,3,99
1/31/2023,Europe,46,VILSECK,11.80622,49.61001,104,7,7,4,122
1/31/2023,Europe,47,WIESBADEN,8.24334,50.06308,89,4,0,1,94
1/31/2023,Japan,17,SINGAPORE,103.85095,1.2801,10,1,2,1,14
1/31/2023,Japan,18,YOKOSUKA,139.6722,35.28134,114,6,12,6,138
1/31/2023,Japan,19,SASEBO,129.71511,33.17992,65,3,6,3,77
1/31/2023,Japan,22,ZAMA,139.40767,35.48859,148,8,10,8,174
1/31/2023,Japan,26,OKINAWA,127.68093,26.2124,341,17,24,13,395
1/31/2023,Japan,27,IWAKUNI,132.21885,34.16656,66,3,4,2,75
1/31/2023,Korea,20,SEOUL,126.97797,37.56654,86,3,5,2,96
1/31/2023,Korea,21,DAEGU,128.60145,35.87144,111,5,10,5,131
1/31/2023,Korea,23,UIJEONGBU,127.03368,37.7381,73,4,0,0,77
1/31/2023,Korea,24,PYONGTAEK,127.11294,36.99211,133,6,7,4,150
2/28/2023,Europe,2,KAISERSLAUTERN,7.74913,49.44007,174,12,14,7,207
2/28/2023,Europe,4,VICENZA,11.53542,45.54548,73,5,5,3,86
2/28/2023,Europe,10,GARMISCH,11.0955,47.4917,15,1,0,1,17
2/28/2023,Europe,31,ANSBACH,10.57194,49.30043,36,4,4,2,46
2/28/2023,Europe,39,SOUDA BAY,24.15359,35.53763,20,2,2,1,25
2/28/2023,Europe,40,SIGONELLA,14.92222,37.40167,40,3,3,2,48
2/28/2023,Europe,42,NAPLES,14.26812,40.85178,47,2,4,2,55
2/28/2023,Europe,43,ROTA,-6.36298,36.62629,63,4,6,4,77
2/28/2023,Europe,45,STUTTGART,9.18176,48.77542,88,4,4,3,99
2/28/2023,Europe,46,VILSECK,11.80622,49.61001,104,7,7,4,122
2/28/2023,Europe,47,WIESBADEN,8.24334,50.06308,89,4,0,1,94
2/28/2023,Japan,17,SINGAPORE,103.85095,1.2801,10,1,2,1,14
2/28/2023,Japan,18,YOKOSUKA,139.6722,35.28134,114,6,12,6,138
2/28/2023,Japan,19,SASEBO,129.71511,33.17992,71,3,6,3,83
2/28/2023,Japan,22,ZAMA,139.40767,35.48859,148,8,10,8,174
2/28/2023,Japan,26,OKINAWA,127.68093,26.2124,335,17,24,13,389
2/28/2023,Japan,27,IWAKUNI,132.21885,34.16656,66,3,4,2,75
2/28/2023,Korea,20,SEOUL,126.97797,37.56654,86,3,5,2,96
2/28/2023,Korea,21,DAEGU,128.60145,35.87144,111,8,6,5,130
2/28/2023,Korea,23,UIJEONGBU,127.03368,37.7381,68,4,0,0,72
2/28/2023,Korea,24,PYONGTAEK,127.11294,36.99211,133,6,7,4,150
3/31/2023,Europe,2,KAISERSLAUTERN,7.74913,49.44007,174,12,14,7,207
3/31/2023,Europe,4,VICENZA,11.53542,45.54548,71,5,5,3,84
3/31/2023,Europe,10,GARMISCH,11.0955,47.4917,15,1,0,1,17
3/31/2023,Europe,31,ANSBACH,10.57194,49.30043,36,4,4,2,46
3/31/2023,Europe,39,SOUDA BAY,24.15359,35.53763,20,2,2,1,25
3/31/2023,Europe,40,SIGONELLA,14.92222,37.40167,40,3,3,2,48
3/31/2023,Europe,42,NAPLES,14.26812,40.85178,47,2,4,2,55
3/31/2023,Europe,43,ROTA,-6.36298,36.62629,63,4,6,4,77
3/31/2023,Europe,45,STUTTGART,9.18176,48.77542,88,4,4,3,99
3/31/2023,Europe,46,VILSECK,11.80622,49.61001,104,6,5,4,119
3/31/2023,Europe,47,WIESBADEN,8.24334,50.06308,89,4,0,1,94
3/31/2023,Japan,17,SINGAPORE,103.85095,1.2801,10,1,2,1,14
3/31/2023,Japan,18,YOKOSUKA,139.6722,35.28134,114,6,12,6,138
3/31/2023,Japan,19,SASEBO,129.71511,33.17992,70,3,6,3,82
3/31/2023,Japan,22,ZAMA,139.40767,35.48859,148,8,10,8,174
3/31/2023,Japan,26,OKINAWA,127.68093,26.2124,309,15,21,11,356
3/31/2023,Japan,27,IWAKUNI,132.21885,34.16656,62,3,4,2,71
3/31/2023,Korea,20,SEOUL,126.97797,37.56654,86,3,5,2,96
3/31/2023,Korea,21,DAEGU,128.60145,35.87144,111,5,0,5,121
3/31/2023,Korea,23,UIJEONGBU,127.03368,37.7381,73,4,0,0,77
3/31/2023,Korea,24,PYONGTAEK,127.11294,36.99211,133,6,7,4,150
4/30/2023,Europe,2,KAISERSLAUTERN,7.74913,49.44007,174,12,14,7,207
4/30/2023,Europe,4,VICENZA,11.53542,45.54548,73,5,5,3,86
4/30/2023,Europe,10,GARMISCH,11.0955,47.4917,15,1,0,1,17
4/30/2023,Europe,31,ANSBACH,10.57194,49.30043,2,2,0,2,6
4/30/2023,Europe,39,SOUDA BAY,24.15359,35.53763,20,2,2,1,25
4/30/2023,Europe,40,SIGONELLA,14.92222,37.40167,40,3,3,2,48
4/30/2023,Europe,42,NAPLES,14.26812,40.85178,47,2,4,2,55
4/30/2023,Europe,43,ROTA,-6.36298,36.62629,63,4,6,4,77
4/30/2023,Europe,45,STUTTGART,9.18176,48.77542,88,4,4,3,99
4/30/2023,Europe,46,VILSECK,11.80622,49.61001,104,10,4,4,122
4/30/2023,Europe,47,WIESBADEN,8.24334,50.06308,91,4,0,1,96
4/30/2023,Japan,17,SINGAPORE,103.85095,1.2801,10,1,2,1,14
4/30/2023,Japan,18,YOKOSUKA,139.6722,35.28134,110,6,12,6,134
4/30/2023,Japan,19,SASEBO,129.71511,33.17992,70,3,6,3,82
4/30/2023,Japan,22,ZAMA,139.40767,35.48859,148,8,10,8,174
4/30/2023,Japan,26,OKINAWA,127.68093,26.2124,308,15,21,11,355
4/30/2023,Japan,27,IWAKUNI,132.21885,34.16656,62,3,4,2,71
4/30/2023,Korea,20,SEOUL,126.97797,37.56654,86,3,5,2,96
4/30/2023,Korea,21,DAEGU,128.60145,35.87144,111,5,0,2,118
4/30/2023,Korea,23,UIJEONGBU,127.03368,37.7381,73,4,0,0,77
4/30/2023,Korea,24,PYONGTAEK,127.11294,36.99211,133,6,7,3,149
5/31/2023,Europe,2,KAISERSLAUTERN,7.74913,49.44007,173,12,14,7,206
5/31/2023,Europe,4,VICENZA,11.53542,45.54548,73,5,5,3,86
5/31/2023,Europe,10,GARMISCH,11.0955,47.4917,15,1,0,1,17
5/31/2023,Europe,31,ANSBACH,10.57194,49.30043,36,2,0,2,40
5/31/2023,Europe,39,SOUDA BAY,24.15359,35.53763,20,2,2,1,25
5/31/2023,Europe,40,SIGONELLA,14.92222,37.40167,40,3,3,2,48
5/31/2023,Europe,42,NAPLES,14.26812,40.85178,47,2,4,2,55
5/31/2023,Europe,43,ROTA,-6.36298,36.62629,63,4,6,4,77
5/31/2023,Europe,45,STUTTGART,9.18176,48.77542,88,4,4,3,99
5/31/2023,Europe,46,VILSECK,11.80622,49.61001,104,9,4,4,121
5/31/2023,Europe,47,WIESBADEN,8.24334,50.06308,91,4,0,1,96
5/31/2023,Japan,17,SINGAPORE,103.85095,1.2801,10,1,2,1,14
5/31/2023,Japan,18,YOKOSUKA,139.6722,35.28134,110,6,12,6,134
5/31/2023,Japan,19,SASEBO,129.71511,33.17992,69,3,6,3,81
5/31/2023,Japan,22,ZAMA,139.40767,35.48859,146,8,10,8,172
5/31/2023,Japan,26,OKINAWA,127.68093,26.2124,308,15,21,11,355
5/31/2023,Japan,27,IWAKUNI,132.21885,34.16656,62,3,4,2,71
5/31/2023,Korea,20,SEOUL,126.97797,37.56654,86,3,5,2,96
5/31/2023,Korea,21,DAEGU,128.60145,35.87144,108,5,0,0,113
5/31/2023,Korea,23,UIJEONGBU,127.03368,37.7381,73,4,0,0,77
5/31/2023,Korea,24,PYONGTAEK,127.11294,36.99211,132,6,7,3,148
6/30/2023,Europe,2,KAISERSLAUTERN,7.74913,49.44007,173,12,14,7,206
6/30/2023,Europe,4,VICENZA,11.53542,45.54548,73,5,5,3,86
6/30/2023,Europe,10,GARMISCH,11.0955,47.4917,15,1,0,1,17
6/30/2023,Europe,31,ANSBACH,10.57194,49.30043,36,2,0,2,40
6/30/2023,Europe,39,SOUDA BAY,24.15359,35.53763,20,2,2,1,25
6/30/2023,Europe,40,SIGONELLA,14.92222,37.40167,40,3,3,2,48
6/30/2023,Europe,42,NAPLES,14.26812,40.85178,47,2,4,2,55
6/30/2023,Europe,43,ROTA,-6.36298,36.62629,63,4,6,4,77
6/30/2023,Europe,45,STUTTGART,9.18176,48.77542,88,4,4,3,99
6/30/2023,Europe,46,VILSECK,11.80622,49.61001,104,9,4,4,121
6/30/2023,Europe,47,WIESBADEN,8.24334,50.06308,91,4,0,1,96
6/30/2023,Japan,17,SINGAPORE,103.85095,1.2801,10,1,2,1,14
6/30/2023,Japan,18,YOKOSUKA,139.6722,35.28134,110,6,12,6,134
6/30/2023,Japan,19,SASEBO,129.71511,33.17992,69,3,6,3,81
6/30/2023,Japan,22,ZAMA,139.40767,35.48859,146,8,10,8,172
6/30/2023,Japan,26,OKINAWA,127.68093,26.2124,308,15,21,11,355
6/30/2023,Japan,27,IWAKUNI,132.21885,34.16656,62,3,4,2,71
6/30/2023,Korea,20,SEOUL,126.97797,37.56654,86,3,5,2,96
6/30/2023,Korea,21,DAEGU,128.60145,35.87144,118,6,0,0,124
6/30/2023,Korea,23,UIJEONGBU,127.03368,37.7381,73,4,0,0,77
6/30/2023,Korea,24,PYONGTAEK,127.11294,36.99211,132,6,7,3,148
7/31/2023,Europe,2,KAISERSLAUTERN,7.74913,49.44007,173,12,14,7,206
7/31/2023,Europe,4,VICENZA,11.53542,45.54548,73,5,5,3,86
7/31/2023,Europe,10,GARMISCH,11.0955,47.4917,15,1,0,0,16
7/31/2023,Europe,31,ANSBACH,10.57194,49.30043,36,2,0,1,39
7/31/2023,Europe,39,SOUDA BAY,24.15359,35.53763,20,2,2,1,25
7/31/2023,Europe,40,SIGONELLA,14.92222,37.40167,32,2,2,2,38
7/31/2023,Europe,42,NAPLES,14.26812,40.85178,47,2,4,2,55
7/31/2023,Europe,43,ROTA,-6.36298,36.62629,63,4,6,4,77
7/31/2023,Europe,45,STUTTGART,9.18176,48.77542,88,4,4,3,99
7/31/2023,Europe,46,VILSECK,11.80622,49.61001,104,9,4,4,121
7/31/2023,Europe,47,WIESBADEN,8.24334,50.06308,91,4,0,1,96
7/31/2023,Japan,17,SINGAPORE,103.85095,1.2801,10,1,2,1,14
7/31/2023,Japan,18,YOKOSUKA,139.6722,35.28134,110,6,12,6,134
7/31/2023,Japan,19,SASEBO,129.71511,33.17992,69,3,6,3,81
7/31/2023,Japan,22,ZAMA,139.40767,35.48859,149,8,10,8,175
7/31/2023,Japan,26,OKINAWA,127.68093,26.2124,308,15,21,11,355
7/31/2023,Japan,27,IWAKUNI,132.21885,34.16656,66,3,4,2,75
7/31/2023,Korea,20,SEOUL,126.97797,37.56654,84,3,5,2,94
7/31/2023,Korea,21,DAEGU,128.60145,35.87144,118,6,0,0,124
7/31/2023,Korea,23,UIJEONGBU,127.03368,37.7381,73,4,0,0,77
7/31/2023,Korea,24,PYONGTAEK,127.11294,36.99211,132,6,7,3,148
8/31/2023,Europe,2,KAISERSLAUTERN,7.74913,49.44007,173,12,14,7,206
8/31/2023,Europe,4,VICENZA,11.53542,45.54548,73,5,5,3,86
8/31/2023,Europe,10,GARMISCH,11.0955,47.4917,15,1,0,0,16
8/31/2023,Europe,31,ANSBACH,10.57194,49.30043,36,2,0,1,39
8/31/2023,Europe,39,SOUDA BAY,24.15359,35.53763,20,2,2,1,25
8/31/2023,Europe,40,SIGONELLA,14.92222,37.40167,32,2,2,2,38
8/31/2023,Europe,42,NAPLES,14.26812,40.85178,47,2,4,2,55
8/31/2023,Europe,43,ROTA,-6.36298,36.62629,62,4,6,4,76
8/31/2023,Europe,45,STUTTGART,9.18176,48.77542,88,4,4,3,99
8/31/2023,Europe,46,VILSECK,11.80622,49.61001,111,9,4,4,128
8/31/2023,Europe,47,WIESBADEN,8.24334,50.06308,91,4,0,1,96
8/31/2023,Japan,17,SINGAPORE,103.85095,1.2801,10,1,2,1,14
8/31/2023,Japan,18,YOKOSUKA,139.6722,35.28134,110,6,12,6,134
8/31/2023,Japan,19,SASEBO,129.71511,33.17992,72,3,6,3,84
8/31/2023,Japan,22,ZAMA,139.40767,35.48859,138,7,9,7,161
8/31/2023,Japan,26,OKINAWA,127.68093,26.2124,308,15,21,11,355
8/31/2023,Japan,27,IWAKUNI,132.21885,34.16656,64,3,4,2,73
8/31/2023,Korea,20,SEOUL,126.97797,37.56654,84,3,5,2,94
8/31/2023,Korea,21,DAEGU,128.60145,35.87144,103,5,0,0,108
8/31/2023,Korea,23,UIJEONGBU,127.03368,37.7381,73,4,0,0,77
8/31/2023,Korea,24,PYONGTAEK,127.11294,36.99211,134,6,7,3,150
9/30/2023,Europe,2,KAISERSLAUTERN,7.74913,49.44007,173,12,14,7,206
9/30/2023,Europe,4,VICENZA,11.53542,45.54548,73,5,5,3,86
9/30/2023,Europe,10,GARMISCH,11.0955,47.4917,17,1,0,0,18
9/30/2023,Europe,31,ANSBACH,10.57194,49.30043,36,2,0,1,39
9/30/2023,Europe,39,SOUDA BAY,24.15359,35.53763,20,2,2,1,25
9/30/2023,Europe,40,SIGONELLA,14.92222,37.40167,32,2,2,2,38
9/30/2023,Europe,42,NAPLES,14.26812,40.85178,47,2,4,2,55
9/30/2023,Europe,43,ROTA,-6.36298,36.62629,62,4,6,4,76
9/30/2023,Europe,45,STUTTGART,9.18176,48.77542,88,4,4,3,99
9/30/2023,Europe,46,VILSECK,11.80622,49.61001,108,9,4,4,125
9/30/2023,Europe,47,WIESBADEN,8.24334,50.06308,87,4,0,1,92
9/30/2023,Japan,17,SINGAPORE,103.85095,1.2801,10,1,2,1,14
9/30/2023,Japan,18,YOKOSUKA,139.6722,35.28134,109,6,12,6,133
9/30/2023,Japan,19,SASEBO,129.71511,33.17992,72,3,6,3,84
9/30/2023,Japan,22,ZAMA,139.40767,35.48859,138,7,9,7,161
9/30/2023,Japan,26,OKINAWA,127.68093,26.2124,308,15,21,11,355
9/30/2023,Japan,27,IWAKUNI,132.21885,34.16656,66,3,4,2,75
9/30/2023,Korea,20,SEOUL,126.97797,37.56654,83,3,5,2,93
9/30/2023,Korea,21,DAEGU,128.60145,35.87144,103,5,0,0,108
9/30/2023,Korea,23,UIJEONGBU,127.03368,37.7381,77,4,0,0,81
9/30/2023,Korea,24,PYONGTAEK,127.11294,36.99211,135,6,7,3,151
10/31/2023,Europe,2,KAISERSLAUTERN,7.74913,49.44007,173,12,14,7,206
10/31/2023,Europe,4,VICENZA,11.53542,45.54548,73,5,5,3,86
10/31/2023,Europe,10,GARMISCH,11.0955,47.4917,17,1,0,0,18
10/31/2023,Europe,31,ANSBACH,10.57194,49.30043,36,2,0,1,39
10/31/2023,Europe,39,SOUDA BAY,24.15359,35.53763,20,2,2,1,25
10/31/2023,Europe,40,SIGONELLA,14.92222,37.40167,32,2,2,2,38
10/31/2023,Europe,42,NAPLES,14.26812,40.85178,47,2,4,2,55
10/31/2023,Europe,43,ROTA,-6.36298,36.62629,62,4,6,4,76
10/31/2023,Europe,45,STUTTGART,9.18176,48.77542,88,4,4,3,99
10/31/2023,Europe,46,VILSECK,11.80622,49.61001,108,9,4,4,125
10/31/2023,Europe,47,WIESBADEN,8.24334,50.06308,85,4,0,1,90
10/31/2023,Japan,17,SINGAPORE,103.85095,1.2801,10,1,2,1,14
10/31/2023,Japan,18,YOKOSUKA,139.6722,35.28134,110,6,12,6,134
10/31/2023,Japan,19,SASEBO,129.71511,33.17992,72,3,6,3,84
10/31/2023,Japan,22,ZAMA,139.40767,35.48859,138,7,9,7,161
10/31/2023,Japan,26,OKINAWA,127.68093,26.2124,310,15,21,11,357
10/31/2023,Japan,27,IWAKUNI,132.21885,34.16656,66,3,4,2,75
10/31/2023,Korea,20,SEOUL,126.97797,37.56654,84,3,5,2,94
10/31/2023,Korea,21,DAEGU,128.60145,35.87144,102,5,0,0,107
10/31/2023,Korea,23,UIJEONGBU,127.03368,37.7381,73,4,0,0,77
10/31/2023,Korea,24,PYONGTAEK,127.11294,36.99211,135,6,7,3,151
11/30/2023,Europe,2,KAISERSLAUTERN,7.74913,49.44007,163,10,12,6,191
11/30/2023,Europe,4,VICENZA,11.53542,45.54548,73,5,5,3,86
11/30/2023,Europe,10,GARMISCH,11.0955,47.4917,17,1,0,0,18
11/30/2023,Europe,31,ANSBACH,10.57194,49.30043,36,2,0,1,39
11/30/2023,Europe,39,SOUDA BAY,24.15359,35.53763,20,2,2,1,25
11/30/2023,Europe,40,SIGONELLA,14.92222,37.40167,32,2,2,2,38
11/30/2023,Europe,42,NAPLES,14.26812,40.85178,47,2,4,2,55
11/30/2023,Europe,43,ROTA,-6.36298,36.62629,64,4,6,4,78
11/30/2023,Europe,45,STUTTGART,9.18176,48.77542,88,4,4,3,99
11/30/2023,Europe,46,VILSECK,11.80622,49.61001,106,9,4,4,123
11/30/2023,Europe,47,WIESBADEN,8.24334,50.06308,85,4,0,1,90
11/30/2023,Japan,17,SINGAPORE,103.85095,1.2801,10,1,2,1,14
11/30/2023,Japan,18,YOKOSUKA,139.6722,35.28134,110,6,12,6,134
11/30/2023,Japan,19,SASEBO,129.71511,33.17992,72,3,6,3,84
11/30/2023,Japan,22,ZAMA,139.40767,35.48859,138,7,9,7,161
11/30/2023,Japan,26,OKINAWA,127.68093,26.2124,310,15,21,11,357
11/30/2023,Japan,27,IWAKUNI,132.21885,34.16656,66,3,4,2,75
11/30/2023,Korea,20,SEOUL,126.97797,37.56654,84,3,5,2,94
11/30/2023,Korea,21,DAEGU,128.60145,35.87144,103,5,0,0,108
11/30/2023,Korea,23,UIJEONGBU,127.03368,37.7381,73,4,0,0,77
11/30/2023,Korea,24,PYONGTAEK,127.11294,36.99211,138,5,6,3,152
12/31/2023,Europe,2,KAISERSLAUTERN,7.74913,49.44007,163,10,12,6,191
12/31/2023,Europe,4,VICENZA,11.53542,45.54548,73,5,5,3,86
12/31/2023,Europe,10,GARMISCH,11.0955,47.4917,17,1,0,0,18
12/31/2023,Europe,31,ANSBACH,10.57194,49.30043,32,2,0,1,35
12/31/2023,Europe,39,SOUDA BAY,24.15359,35.53763,20,2,2,1,25
12/31/2023,Europe,40,SIGONELLA,14.92222,37.40167,32,2,2,2,38
12/31/2023,Europe,42,NAPLES,14.26812,40.85178,47,2,4,2,55
12/31/2023,Europe,43,ROTA,-6.36298,36.62629,64,4,6,4,78
12/31/2023,Europe,45,STUTTGART,9.18176,48.77542,88,4,4,3,99
12/31/2023,Europe,46,VILSECK,11.80622,49.61001,106,9,4,4,123
12/31/2023,Europe,47,WIESBADEN,8.24334,50.06308,82,4,0,1,87
12/31/2023,Japan,17,SINGAPORE,103.85095,1.2801,10,1,2,0,13
12/31/2023,Japan,18,YOKOSUKA,139.6722,35.28134,110,6,12,6,134
12/31/2023,Japan,19,SASEBO,129.71511,33.17992,72,3,6,3,84
12/31/2023,Japan,22,ZANA,139.40767,35.48859,144,8,10,8,170
12/31/2023,Japan,26,OKINAWA,127.68093,26.2124,310,15,21,11,357
12/31/2023,Japan,27,IWAKUNI,132.21885,34.16656,63,3,4,2,72
12/31/2023,Korea,20,SEOUL,126.97797,37.56654,84,3,5,2,94
12/31/2023,Korea,21,DAEGU,128.60145,35.87144,118,6,0,0,124
12/31/2023,Korea,23,UIJEONGBU,127.03368,37.7381,73,4,0,0,77
12/31/2023,Korea,24,PYONGTAEK,127.11294,36.99211,138,5,6,3,152
1/31/2024,Europe,2,KAISERSLAUTERN,7.74913,49.44007,165,10,12,6,193
1/31/2024,Europe,4,VICENZA,11.53542,45.54548,73,5,5,3,86
1/31/2024,Europe,10,GARMISCH,11.0955,47.4917,17,1,0,0,18
1/31/2024,Europe,31,ANSBACH,10.57194,49.30043,32,2,0,1,35
1/31/2024,Europe,39,SOUDA BAY,24.15359,35.53763,20,2,2,1,25
1/31/2024,Europe,40,SIGONELLA,14.92222,37.40167,32,2,2,2,38
1/31/2024,Europe,42,NAPLES,14.26812,40.85178,47,2,4,2,55
1/31/2024,Europe,43,ROTA,-6.36298,36.62629,62,4,6,4,76
1/31/2024,Europe,45,STUTTGART,9.18176,48.77542,88,4,4,3,99
1/31/2024,Europe,46,VILSECK,11.80622,49.61001,106,9,4,4,123
1/31/2024,Europe,47,WIESBADEN,8.24334,50.06308,85,4,0,1,90
1/31/2024,Japan,17,SINGAPORE,103.85095,1.2801,10,1,2,0,13
1/31/2024,Japan,18,YOKOSUKA,139.6722,35.28134,110,6,12,6,134
1/31/2024,Japan,19,SASEBO,129.71511,33.17992,72,3,6,3,84
1/31/2024,Japan,22,ZAMA,139.40767,35.48859,144,8,10,8,170
1/31/2024,Japan,26,OKINAWA,127.68093,26.2124,310,15,21,11,357
1/31/2024,Japan,27,IWAKUNI,132.21885,34.16656,66,3,4,2,75
1/31/2024,Korea,20,SEOUL,126.97797,37.56654,86,3,5,2,96
1/31/2024,Korea,21,DAEGU,128.60145,35.87144,118,6,0,0,124
1/31/2024,Korea,23,UIJEONGBU,127.03368,37.7381,72,4,0,0,76
1/31/2024,Korea,24,PYONGTAEK,127.11294,36.99211,141,5,6,3,155
2/29/2024,Europe,2,KAISERSLAUTERN,7.74913,49.44007,165,10,12,6,193
2/29/2024,Europe,4,VICENZA,11.53542,45.54548,73,5,5,3,86
2/29/2024,Europe,10,GARMISCH,11.0955,47.4917,17,1,0,0,18
2/29/2024,Europe,31,ANSBACH,10.57194,49.30043,30,2,0,1,33
2/29/2024,Europe,39,SOUDA BAY,24.15359,35.53763,20,2,2,1,25
2/29/2024,Europe,40,SIGONELLA,14.92222,37.40167,32,2,2,2,38
2/29/2024,Europe,42,NAPLES,14.26812,40.85178,47,2,4,2,55
2/29/2024,Europe,43,ROTA,-6.36298,36.62629,62,4,6,4,76
2/29/2024,Europe,45,STUTTGART,9.18176,48.77542,88,4,4,3,99
2/29/2024,Europe,46,VILSECK,11.80622,49.61001,106,9,4,4,123
2/29/2024,Europe,47,WIESBADEN,8.24334,50.06308,72,4,0,1,77
2/29/2024,Japan,17,SINGAPORE,103.85095,1.2801,10,1,2,0,13
2/29/2024,Japan,18,YOKOSUKA,139.6722,35.28134,110,6,12,6,134
2/29/2024,Japan,19,SASEBO,129.71511,33.17992,72,3,6,3,84
2/29/2024,Japan,22,ZAMA,139.40767,35.48859,145,8,10,8,171
2/29/2024,Japan,26,OKINAWA,127.68093,26.2124,311,15,21,11,358
2/29/2024,Japan,27,IWAKUNI,132.21885,34.16656,66,2,4,2,74
2/29/2024,Korea,20,SEOUL,126.97797,37.56654,91,3,5,2,101
2/29/2024,Korea,21,DAEGU,128.60145,35.87144,118,6,0,0,124
2/29/2024,Korea,23,UIJEONGBU,127.03368,37.7381,74,4,0,0,78
2/29/2024,Korea,24,PYONGTAEK,127.11294,36.99211,141,5,6,3,155
3/31/2024,Europe,2,KAISERSLAUTERN,7.74913,49.44007,165,10,12,6,193
3/31/2024,Europe,4,VICENZA,11.53542,45.54548,73,5,5,3,86
3/31/2024,Europe,10,GARMISCH,11.0955,47.4917,17,1,0,0,18
3/31/2024,Europe,31,ANSBACH,10.57194,49.30043,30,2,0,1,33
3/31/2024,Europe,39,SOUDA BAY,24.15359,35.53763,20,2,2,1,25
3/31/2024,Europe,40,SIGONELLA,14.92222,37.40167,32,2,2,2,38
3/31/2024,Europe,42,NAPLES,14.26812,40.85178,47,2,4,2,55
3/31/2024,Europe,43,ROTA,-6.36298,36.62629,62,4,6,4,76
3/31/2024,Europe,45,STUTTGART,9.18176,48.77542,88,4,4,3,99
3/31/2024,Europe,46,VILSECK,11.80622,49.61001,106,9,4,4,123
3/31/2024,Europe,47,WIESBADEN,8.24334,50.06308,94,4,0,1,99
3/31/2024,Japan,17,SINGAPORE,103.85095,1.2801,10,1,2,0,13
3/31/2024,Japan,18,YOKOSUKA,139.6722,35.28134,110,6,12,6,134
3/31/2024,Japan,19,SASEBO,129.71511,33.17992,71,3,6,3,83
3/31/2024,Japan,22,ZAMA,139.40767,35.48859,144,8,10,8,170
3/31/2024,Japan,26,OKINAWA,127.68093,26.2124,313,15,21,11,360
3/31/2024,Japan,27,IWAKUNI,132.21885,34.16656,64,4,4,2,74
3/31/2024,Korea,20,SEOUL,126.97797,37.56654,91,3,5,2,101
3/31/2024,Korea,21,DAEGU,128.60145,35.87144,118,6,0,0,124
3/31/2024,Korea,23,UIJEONGBU,127.03368,37.7381,74,4,0,0,78
3/31/2024,Korea,24,PYONGTAEK,127.11294,36.99211,141,5,6,3,155
4/30/2024,Europe,2,KAISERSLAUTERN,7.74913,49.44007,165,10,12,6,193
4/30/2024,Europe,4,VICENZA,11.53542,45.54548,73,5,5,3,86
4/30/2024,Europe,10,GARMISCH,11.0955,47.4917,17,1,0,0,18
4/30/2024,Europe,31,ANSBACH,10.57194,49.30043,30,2,0,1,33
4/30/2024,Europe,39,SOUDA BAY,24.15359,35.53763,20,2,2,1,25
4/30/2024,Europe,40,SIGONELLA,14.92222,37.40167,32,2,2,2,38
4/30/2024,Europe,42,NAPLES,14.26812,40.85178,47,2,4,2,55
4/30/2024,Europe,43,ROTA,-6.36298,36.62629,64,4,6,4,78
4/30/2024,Europe,45,STUTTGART,9.18176,48.77542,88,4,4,3,99
4/30/2024,Europe,46,VILSECK,11.80622,49.61001,106,9,4,4,123
4/30/2024,Europe,47,WIESBADEN,8.24334,50.06308,94,4,0,1,99
4/30/2024,Japan,17,SINGAPORE,103.85095,1.2801,10,1,2,0,13
4/30/2024,Japan,18,YOKOSUKA,139.6722,35.28134,110,6,12,6,134
4/30/2024,Japan,19,SASEBO,129.71511,33.17992,71,3,6,3,83
4/30/2024,Japan,22,ZAMA,139.40767,35.48859,144,8,10,8,170
4/30/2024,Japan,26,OKINAWA,127.68093,26.2124,312,15,21,11,359
4/30/2024,Japan,27,IWAKUNI,132.21885,34.16656,66,4,4,2,76
4/30/2024,Korea,20,SEOUL,126.97797,37.56654,85,3,5,2,95
4/30/2024,Korea,21,DAEGU,128.60145,35.87144,120,6,0,0,126
4/30/2024,Korea,23,UIJEONGBU,127.03368,37.7381,74,4,0,0,78
4/30/2024,Korea,24,PYONGTAEK,127.11294,36.99211,141,5,6,3,155
5/31/2024,Europe,2,KAISERSLAUTERN,7.74913,49.44007,165,10,12,6,193
5/31/2024,Europe,4,VICENZA,11.53542,45.54548,73,5,5,3,86
5/31/2024,Europe,10,GARMISCH,11.0955,47.4917,17,1,0,0,18
5/31/2024,Europe,31,ANSBACH,10.57194,49.30043,30,2,0,1,33
5/31/2024,Europe,39,SOUDA BAY,24.15359,35.53763,20,2,2,1,25
5/31/2024,Europe,40,SIGONELLA,14.92222,37.40167,32,2,2,2,38
5/31/2024,Europe,42,NAPLES,14.26812,40.85178,47,3,4,2,56
5/31/2024,Europe,43,ROTA,-6.36298,36.62629,64,4,6,4,78
5/31/2024,Europe,45,STUTTGART,9.18176,48.77542,88,4,4,3,99
5/31/2024,Europe,46,VILSECK,11.80622,49.61001,105,9,4,4,122
5/31/2024,Europe,47,WIESBADEN,8.24334,50.06308,94,5,0,1,100
5/31/2024,Japan,17,SINGAPORE,103.85095,1.2801,10,1,2,0,13
5/31/2024,Japan,18,YOKOSUKA,139.6722,35.28134,110,6,12,6,134
5/31/2024,Japan,19,SASEBO,129.71511,33.17992,71,6,6,3,86
5/31/2024,Japan,22,ZAMA,139.40767,35.48859,143,8,10,8,169
5/31/2024,Japan,26,OKINAWA,127.68093,26.2124,312,15,21,11,359
5/31/2024,Japan,27,IWAKUNI,132.21885,34.16656,66,4,4,2,76
5/31/2024,Korea,20,SEOUL,126.97797,37.56654,86,3,5,2,96
5/31/2024,Korea,21,DAEGU,128.60145,35.87144,116,6,0,0,122
5/31/2024,Korea,23,UIJEONGBU,127.03368,37.7381,75,4,0,0,79
5/31/2024,Korea,24,PYONGTAEK,127.11294,36.99211,141,5,6,3,155
6/30/2024,Europe,2,KAISERSLAUTERN,7.74913,49.44007,165,10,12,6,193
6/30/2024,Europe,4,VICENZA,11.53542,45.54548,73,5,5,3,86
6/30/2024,Europe,10,GARMISCH,11.0955,47.4917,17,1,0,0,18
6/30/2024,Europe,31,ANSBACH,10.57194,49.30043,30,2,0,1,33
6/30/2024,Europe,39,SOUDA BAY,24.15359,35.53763,20,2,2,1,25
6/30/2024,Europe,40,SIGONELLA,14.92222,37.40167,32,2,2,2,38
6/30/2024,Europe,42,NAPLES,14.26812,40.85178,47,3,4,2,56
6/30/2024,Europe,43,ROTA,-6.36298,36.62629,53,3,4,3,63
6/30/2024,Europe,45,STUTTGART,9.18176,48.77542,88,4,4,3,99
6/30/2024,Europe,46,VILSECK,11.80622,49.61001,108,9,4,4,125
6/30/2024,Europe,47,WIESBADEN,8.24334,50.06308,94,5,0,1,100
6/30/2024,Japan,17,SINGAPORE,103.85095,1.2801,10,1,2,0,13
6/30/2024,Japan,18,YOKOSUKA,139.6722,35.28134,110,6,12,6,134
6/30/2024,Japan,19,SASEBO,129.71511,33.17992,71,6,6,3,86
6/30/2024,Japan,22,ZAMA,139.40767,35.48859,142,8,9,8,167
6/30/2024,Japan,26,OKINAWA,127.68093,26.2124,312,15,21,11,359
6/30/2024,Japan,27,IWAKUNI,132.21885,34.16656,66,4,4,2,76
6/30/2024,Korea,20,SEOUL,126.97797,37.56654,86,6,5,2,99
6/30/2024,Korea,21,DAEGU,128.60145,35.87144,99,5,0,0,104
6/30/2024,Korea,23,UIJEONGBU,127.03368,37.7381,84,5,0,0,89
6/30/2024,Korea,24,PYONGTAEK,127.11294,36.99211,141,5,6,3,155
